#Aplicación presupuestaria,Área gasto,Programa,Desc. programa,Económico,Desc. capítulo,Desc. económico,h,i,Desc. proyecto,Consig. inicial,Modificaciones,Consig. definit.,Obl. recon. (O)
2018.0.0.0112.0.310,DEUDA PÚBLICA,0112,Operacions financeres,310,GASTOS FINANCIEROS,Interessos prèstecs,,,,82515.5,0.0,82515.5,13678.25
2018.0.0.0112.0.913,DEUDA PÚBLICA,0112,Operacions financeres,913,PASIVOS FINANCIEROS,Amortització de prèstecs a llarg termini d'ents fora del sector públic,,,,660942.87,0.0,660942.87,113268.87
2018.0.0.1320.0.12009,SERVICIOS PÚBLICOS BÁSICOS,1320,Seguretat i orgre públic,12009,GASTOS DE PERSONAL,Altres retribucions bàsiques,,,,454167.61,0.0,454167.61,90001.54
2018.0.0.1320.0.12103,SERVICIOS PÚBLICOS BÁSICOS,1320,Seguretat i orgre públic,12103,GASTOS DE PERSONAL,Altres retribucions complementàries,,,,749357.64,0.0,749357.64,158001.91
2018.0.0.1320.0.150,SERVICIOS PÚBLICOS BÁSICOS,1320,Seguretat i orgre públic,150,GASTOS DE PERSONAL,Productivitat,,,,67575.1,0.0,67575.1,14657.16
2018.0.0.1320.0.16000,SERVICIOS PÚBLICOS BÁSICOS,1320,Seguretat i orgre públic,16000,GASTOS DE PERSONAL,Seguretat Social,,,,394041.11,-1101.5,392939.61,46445.8
2018.0.0.1320.0.16200,SERVICIOS PÚBLICOS BÁSICOS,1320,Seguretat i orgre públic,16200,GASTOS DE PERSONAL,Formación y perfeccionamiento del personal,,,,2000.0,0.0,2000.0,0.0
2018.0.0.1320.0.204,SERVICIOS PÚBLICOS BÁSICOS,1320,Seguretat i orgre públic,204,GASTOS CORRIENTES EN BIENES Y SERVICIOS,Arrendamients de material de transport,,,,27576.6,0.0,27576.6,2214.09
2018.0.0.1320.0.213,SERVICIOS PÚBLICOS BÁSICOS,1320,Seguretat i orgre públic,213,GASTOS CORRIENTES EN BIENES Y SERVICIOS,"Rep mnment.conser.maquinaria, instal.técniques i utillatge",,,,3000.0,0.0,3000.0,415.03
2018.0.0.1320.0.214,SERVICIOS PÚBLICOS BÁSICOS,1320,Seguretat i orgre públic,214,GASTOS CORRIENTES EN BIENES Y SERVICIOS,Rep mnment.conser.elements de transport,,,,3800.0,0.0,3800.0,122.0
2018.0.0.1320.0.22103,SERVICIOS PÚBLICOS BÁSICOS,1320,Seguretat i orgre públic,22103,GASTOS CORRIENTES EN BIENES Y SERVICIOS,Combustibles y carburantes,,,,12810.71,0.0,12810.71,1106.47
2018.0.0.1320.0.22104,SERVICIOS PÚBLICOS BÁSICOS,1320,Seguretat i orgre públic,22104,GASTOS CORRIENTES EN BIENES Y SERVICIOS,Vestuari,,,,27000.0,0.0,27000.0,0.0
2018.0.0.1320.0.22106,SERVICIOS PÚBLICOS BÁSICOS,1320,Seguretat i orgre públic,22106,GASTOS CORRIENTES EN BIENES Y SERVICIOS,Productos farmacéuticos y material sanitario,,,,4000.0,0.0,4000.0,0.0
2018.0.0.1320.0.22199,SERVICIOS PÚBLICOS BÁSICOS,1320,Seguretat i orgre públic,22199,GASTOS CORRIENTES EN BIENES Y SERVICIOS,Otros suministros,,,,13800.0,0.0,13800.0,0.0
2018.0.0.1320.0.22699,SERVICIOS PÚBLICOS BÁSICOS,1320,Seguretat i orgre públic,22699,GASTOS CORRIENTES EN BIENES Y SERVICIOS,Altres despeses diverses,,,,7000.0,0.0,7000.0,96.8
2018.0.0.1320.1818.625,SERVICIOS PÚBLICOS BÁSICOS,1320,Seguretat i orgre públic,625,INVERSIONES REALES,Inversió nova en mobiliari,,,Mobiliari Policia Local,1500.0,0.0,1500.0,0.0
2018.0.0.1330.0.219,SERVICIOS PÚBLICOS BÁSICOS,1330,Control del trànsit,219,GASTOS CORRIENTES EN BIENES Y SERVICIOS,Rep mnment.conser.altre immovilitzat material,,,,9286.45,0.0,9286.45,85.67
2018.0.0.1330.0.22100,SERVICIOS PÚBLICOS BÁSICOS,1330,Control del trànsit,22100,GASTOS CORRIENTES EN BIENES Y SERVICIOS,Energia elèctrica,,,,2306.37,0.0,2306.37,697.77
2018.0.0.1331.0.202,SERVICIOS PÚBLICOS BÁSICOS,1331,Recollida de vehicles,202,GASTOS CORRIENTES EN BIENES Y SERVICIOS,Arrendaments d'edificis i altres construccions,,,,3000.0,0.0,3000.0,0.0
2018.0.0.1331.0.22799,SERVICIOS PÚBLICOS BÁSICOS,1331,Recollida de vehicles,22799,GASTOS CORRIENTES EN BIENES Y SERVICIOS,Altres treballs realitzats per altres empreses i professionals,,,,24561.9,0.0,24561.9,4365.68
2018.0.0.1510.0.11002,SERVICIOS PÚBLICOS BÁSICOS,1510,Urbanisme,11002,GASTOS DE PERSONAL,Altres remuneraciones personal eventual,,,,16321.6,0.0,16321.6,3497.49
2018.0.0.1510.0.12009,SERVICIOS PÚBLICOS BÁSICOS,1510,Urbanisme,12009,GASTOS DE PERSONAL,Altres retribucions bàsiques,,,,109457.28,0.0,109457.28,18910.77
2018.0.0.1510.0.12103,SERVICIOS PÚBLICOS BÁSICOS,1510,Urbanisme,12103,GASTOS DE PERSONAL,Altres retribucions complementàries,,,,146701.51,0.0,146701.51,26230.77
2018.0.0.1510.0.13002,SERVICIOS PÚBLICOS BÁSICOS,1510,Urbanisme,13002,GASTOS DE PERSONAL,Altres retribucions personal laborar fix,,,,0.0,0.0,0.0,4419.48
2018.0.0.1510.0.16000,SERVICIOS PÚBLICOS BÁSICOS,1510,Urbanisme,16000,GASTOS DE PERSONAL,Seguretat Social,,,,84795.36,0.0,84795.36,10919.59
2018.0.0.1510.1817.624,SERVICIOS PÚBLICOS BÁSICOS,1510,Urbanisme,624,INVERSIONES REALES,Elementos de transporte,,,Vehicle personal tècnic urbanisme,3000.0,0.0,3000.0,0.0
2018.0.0.1510.1822.626,SERVICIOS PÚBLICOS BÁSICOS,1510,Urbanisme,626,INVERSIONES REALES,Inversió nova en equips per a procesos d'informació,,,"Adquició impressora, plotter, actualitz. base dades IVE-2017,Cconveni SIG",7358.34,0.0,7358.34,0.0
2018.0.0.1510.1824.627,SERVICIOS PÚBLICOS BÁSICOS,1510,Urbanisme,627,INVERSIONES REALES,Projectes complexos,,,Subvenció PPOS 2018,176957.83,0.0,176957.83,0.0
2018.0.0.1510.1834.681,SERVICIOS PÚBLICOS BÁSICOS,1510,Urbanisme,681,INVERSIONES REALES,Terrenos y bienes naturales,,,Quotes Urbanització excecució sentència ROVER ALCISA,90000.0,0.0,90000.0,76935.27
2018.0.0.1531.0.12009,SERVICIOS PÚBLICOS BÁSICOS,1531,Obres,12009,GASTOS DE PERSONAL,Altres retribucions bàsiques,,,,61187.05,-14002.24,47184.81,11064.84
2018.0.0.1531.0.12103,SERVICIOS PÚBLICOS BÁSICOS,1531,Obres,12103,GASTOS DE PERSONAL,Altres retribucions complementàries,,,,80178.61,0.0,80178.61,15527.31
2018.0.0.1531.0.13002,SERVICIOS PÚBLICOS BÁSICOS,1531,Obres,13002,GASTOS DE PERSONAL,Altres retribucions personal laborar fix,,,,0.0,0.0,0.0,4260.04
2018.0.0.1531.0.131,SERVICIOS PÚBLICOS BÁSICOS,1531,Obres,131,GASTOS DE PERSONAL,Laboral temporal,,,,39179.56,0.0,39179.56,0.0
2018.0.0.1531.0.16000,SERVICIOS PÚBLICOS BÁSICOS,1531,Obres,16000,GASTOS DE PERSONAL,Seguretat Social,,,,56752.61,0.0,56752.61,7557.67
2018.0.0.1531.0.22103,SERVICIOS PÚBLICOS BÁSICOS,1531,Obres,22103,GASTOS CORRIENTES EN BIENES Y SERVICIOS,Combustibles y carburantes,,,,8095.96,0.0,8095.96,1310.3
2018.0.0.1531.0.22104,SERVICIOS PÚBLICOS BÁSICOS,1531,Obres,22104,GASTOS CORRIENTES EN BIENES Y SERVICIOS,Vestuari,,,,5238.0,0.0,5238.0,697.48
2018.0.0.1531.0.22699,SERVICIOS PÚBLICOS BÁSICOS,1531,Obres,22699,GASTOS CORRIENTES EN BIENES Y SERVICIOS,Altres despeses diverses,,,,4752.0,0.0,4752.0,0.0
2018.0.0.1531.1815.623,SERVICIOS PÚBLICOS BÁSICOS,1531,Obres,623,INVERSIONES REALES,"Inversió nova en maquinaria, instalacions técniques i utillatge",,,Bastida i generador dièsel,3034.0,0.0,3034.0,0.0
2018.0.0.1532.0.12009,SERVICIOS PÚBLICOS BÁSICOS,1532,Vies públiques,12009,GASTOS DE PERSONAL,Altres retribucions bàsiques,,,,10530.63,0.0,10530.63,0.0
2018.0.0.1532.0.12103,SERVICIOS PÚBLICOS BÁSICOS,1532,Vies públiques,12103,GASTOS DE PERSONAL,Altres retribucions complementàries,,,,11042.63,0.0,11042.63,0.0
2018.0.0.1532.0.13002,SERVICIOS PÚBLICOS BÁSICOS,1532,Vies públiques,13002,GASTOS DE PERSONAL,Altres retribucions personal laborar fix,,,,0.0,0.0,0.0,4542.42
2018.0.0.1532.0.16000,SERVICIOS PÚBLICOS BÁSICOS,1532,Vies públiques,16000,GASTOS DE PERSONAL,Seguretat Social,,,,6687.71,0.0,6687.71,1316.02
2018.0.0.1532.0.210,SERVICIOS PÚBLICOS BÁSICOS,1532,Vies públiques,210,GASTOS CORRIENTES EN BIENES Y SERVICIOS,Rep mnment.conser.Infrastructures i bens naturals,,,,30000.0,0.0,30000.0,87.42
2018.0.0.1532.0.214,SERVICIOS PÚBLICOS BÁSICOS,1532,Vies públiques,214,GASTOS CORRIENTES EN BIENES Y SERVICIOS,Rep mnment.conser.elements de transport,,,,14025.0,0.0,14025.0,1969.48
2018.0.0.1532.0.22699,SERVICIOS PÚBLICOS BÁSICOS,1532,Vies públiques,22699,GASTOS CORRIENTES EN BIENES Y SERVICIOS,Altres despeses diverses,,,,79040.0,0.0,79040.0,0.0
2018.0.0.1532.1801.609,SERVICIOS PÚBLICOS BÁSICOS,1532,Vies públiques,609,INVERSIONES REALES,Altres inversions noves en infrastructures i bens destinat al ús general,,,Estudi mobilitat sostenible,28500.0,0.0,28500.0,0.0
2018.0.0.1532.1807.619,SERVICIOS PÚBLICOS BÁSICOS,1532,Vies públiques,619,INVERSIONES REALES,Otras inversiones de reposición en infraestructuras y bienes destinados al uso general,,,Pla accesibilitat al nucli urbà entorn plaça Senyoria,0.01,0.0,0.01,0.0
2018.0.0.1532.1808.619,SERVICIOS PÚBLICOS BÁSICOS,1532,Vies públiques,619,INVERSIONES REALES,Otras inversiones de reposición en infraestructuras y bienes destinados al uso general,,,Mobiliari urbà i senyalitzacions,7770.04,0.0,7770.04,0.0
2018.0.0.1532.1809.619,SERVICIOS PÚBLICOS BÁSICOS,1532,Vies públiques,619,INVERSIONES REALES,Otras inversiones de reposición en infraestructuras y bienes destinados al uso general,,,Pla mobilitat urbana-senyalització vial,12000.0,0.0,12000.0,0.0
2018.0.0.1600.0.210,SERVICIOS PÚBLICOS BÁSICOS,1600,Clavegueram i Vessam.Aigu,210,GASTOS CORRIENTES EN BIENES Y SERVICIOS,Rep mnment.conser.Infrastructures i bens naturals,,,,14530.76,0.0,14530.76,0.0
2018.0.0.1610.0.12009,SERVICIOS PÚBLICOS BÁSICOS,1610,Servei d'Aigua Potable,12009,GASTOS DE PERSONAL,Altres retribucions bàsiques,,,,21013.05,0.0,21013.05,4210.11
2018.0.0.1610.0.12103,SERVICIOS PÚBLICOS BÁSICOS,1610,Servei d'Aigua Potable,12103,GASTOS DE PERSONAL,Altres retribucions complementàries,,,,26576.27,0.0,26576.27,5450.22
2018.0.0.1610.0.16000,SERVICIOS PÚBLICOS BÁSICOS,1610,Servei d'Aigua Potable,16000,GASTOS DE PERSONAL,Seguretat Social,,,,14752.69,0.0,14752.69,2439.38
2018.0.0.1621.0.22799,SERVICIOS PÚBLICOS BÁSICOS,1621,Recogida de residuos,22799,GASTOS CORRIENTES EN BIENES Y SERVICIOS,Altres treballs realitzats per altres empreses i professionals,,,,343118.52,0.0,343118.52,28541.84
2018.0.0.1630.0.22799,SERVICIOS PÚBLICOS BÁSICOS,1630,Neteja viaria,22799,GASTOS CORRIENTES EN BIENES Y SERVICIOS,Altres treballs realitzats per altres empreses i professionals,,,,378110.37,0.0,378110.37,30888.61
2018.0.0.1640.0.12009,SERVICIOS PÚBLICOS BÁSICOS,1640,Cementeri Municipal,12009,GASTOS DE PERSONAL,Altres retribucions bàsiques,,,,18881.5,0.0,18881.5,4259.29
2018.0.0.1640.0.12103,SERVICIOS PÚBLICOS BÁSICOS,1640,Cementeri Municipal,12103,GASTOS DE PERSONAL,Altres retribucions complementàries,,,,24149.71,0.0,24149.71,5439.26
2018.0.0.1640.0.16000,SERVICIOS PÚBLICOS BÁSICOS,1640,Cementeri Municipal,16000,GASTOS DE PERSONAL,Seguretat Social,,,,13339.68,0.0,13339.68,2050.02
2018.0.0.1640.0.212,SERVICIOS PÚBLICOS BÁSICOS,1640,Cementeri Municipal,212,GASTOS CORRIENTES EN BIENES Y SERVICIOS,Rep mnment.conser.edificis i altres construccions,,,,5604.0,-2900.0,2704.0,426.0
2018.0.0.1640.0.22100,SERVICIOS PÚBLICOS BÁSICOS,1640,Cementeri Municipal,22100,GASTOS CORRIENTES EN BIENES Y SERVICIOS,Energia elèctrica,,,,2317.14,0.0,2317.14,246.1
2018.0.0.1640.1802.609,SERVICIOS PÚBLICOS BÁSICOS,1640,Cementeri Municipal,609,INVERSIONES REALES,Altres inversions noves en infrastructures i bens destinat al ús general,,,Construcció ninxols,1.0,0.0,1.0,0.0
2018.0.0.1640.1810.619,SERVICIOS PÚBLICOS BÁSICOS,1640,Cementeri Municipal,619,INVERSIONES REALES,Otras inversiones de reposición en infraestructuras y bienes destinados al uso general,,,Reparació cobertes cementeri vell,1.0,0.0,1.0,0.0
2018.0.0.1650.0.12009,SERVICIOS PÚBLICOS BÁSICOS,1650,Enllumenat Públic,12009,GASTOS DE PERSONAL,Altres retribucions bàsiques,,,,24010.9,0.0,24010.9,5368.44
2018.0.0.1650.0.12103,SERVICIOS PÚBLICOS BÁSICOS,1650,Enllumenat Públic,12103,GASTOS DE PERSONAL,Altres retribucions complementàries,,,,39332.25,0.0,39332.25,8428.38
2018.0.0.1650.0.16000,SERVICIOS PÚBLICOS BÁSICOS,1650,Enllumenat Públic,16000,GASTOS DE PERSONAL,Seguretat Social,,,,19636.38,0.0,19636.38,3343.98
2018.0.0.1650.0.210,SERVICIOS PÚBLICOS BÁSICOS,1650,Enllumenat Públic,210,GASTOS CORRIENTES EN BIENES Y SERVICIOS,Rep mnment.conser.Infrastructures i bens naturals,,,,18726.9,0.0,18726.9,0.0
2018.0.0.1650.0.213,SERVICIOS PÚBLICOS BÁSICOS,1650,Enllumenat Públic,213,GASTOS CORRIENTES EN BIENES Y SERVICIOS,"Rep mnment.conser.maquinaria, instal.técniques i utillatge",,,,11110.0,0.0,11110.0,980.92
2018.0.0.1650.0.22100,SERVICIOS PÚBLICOS BÁSICOS,1650,Enllumenat Públic,22100,GASTOS CORRIENTES EN BIENES Y SERVICIOS,Energia elèctrica,,,,172157.48,0.0,172157.48,9046.05
2018.0.0.1700.0.12009,SERVICIOS PÚBLICOS BÁSICOS,1700,Medi ambient,12009,GASTOS DE PERSONAL,Altres retribucions bàsiques,,,,20154.96,0.0,20154.96,4569.12
2018.0.0.1700.0.12103,SERVICIOS PÚBLICOS BÁSICOS,1700,Medi ambient,12103,GASTOS DE PERSONAL,Altres retribucions complementàries,,,,25670.18,0.0,25670.18,5500.77
2018.0.0.1700.0.16000,SERVICIOS PÚBLICOS BÁSICOS,1700,Medi ambient,16000,GASTOS DE PERSONAL,Seguretat Social,,,,14205.79,0.0,14205.79,1939.36
2018.0.0.1710.0.12009,SERVICIOS PÚBLICOS BÁSICOS,1710,Parcs i Jardins,12009,GASTOS DE PERSONAL,Altres retribucions bàsiques,,,,29668.32,0.0,29668.32,4095.6
2018.0.0.1710.0.12103,SERVICIOS PÚBLICOS BÁSICOS,1710,Parcs i Jardins,12103,GASTOS DE PERSONAL,Altres retribucions complementàries,,,,37689.89,0.0,37689.89,4839.42
2018.0.0.1710.0.16000,SERVICIOS PÚBLICOS BÁSICOS,1710,Parcs i Jardins,16000,GASTOS DE PERSONAL,Seguretat Social,,,,20881.04,0.0,20881.04,1587.65
2018.0.0.1710.0.210,SERVICIOS PÚBLICOS BÁSICOS,1710,Parcs i Jardins,210,GASTOS CORRIENTES EN BIENES Y SERVICIOS,Rep mnment.conser.Infrastructures i bens naturals,,,,167969.15,0.0,167969.15,10987.78
2018.0.0.1710.0.22199,SERVICIOS PÚBLICOS BÁSICOS,1710,Parcs i Jardins,22199,GASTOS CORRIENTES EN BIENES Y SERVICIOS,Otros suministros,,,,4150.0,0.0,4150.0,0.0
2018.0.0.1710.0.22699,SERVICIOS PÚBLICOS BÁSICOS,1710,Parcs i Jardins,22699,GASTOS CORRIENTES EN BIENES Y SERVICIOS,Altres despeses diverses,,,,12740.0,0.0,12740.0,96.8
2018.0.0.1710.1803.609,SERVICIOS PÚBLICOS BÁSICOS,1710,Parcs i Jardins,609,INVERSIONES REALES,Altres inversions noves en infrastructures i bens destinat al ús general,,,Jocs infantils i mobiliari urbà,25000.0,0.0,25000.0,0.0
2018.0.0.1710.1804.609,SERVICIOS PÚBLICOS BÁSICOS,1710,Parcs i Jardins,609,INVERSIONES REALES,Altres inversions noves en infrastructures i bens destinat al ús general,,,Adquisició arbres,20000.0,0.0,20000.0,0.0
2018.0.0.1710.1811.619,SERVICIOS PÚBLICOS BÁSICOS,1710,Parcs i Jardins,619,INVERSIONES REALES,Otras inversiones de reposición en infraestructuras y bienes destinados al uso general,,,Reparació jocs i bancs,4980.0,0.0,4980.0,0.0
2018.0.0.1710.1812.619,SERVICIOS PÚBLICOS BÁSICOS,1710,Parcs i Jardins,619,INVERSIONES REALES,Otras inversiones de reposición en infraestructuras y bienes destinados al uso general,,,Substitució paviment seguretat parcs públics,23100.0,0.0,23100.0,0.0
2018.0.0.1721.0.22699,SERVICIOS PÚBLICOS BÁSICOS,1721,Protecció i millora medi ambient,22699,GASTOS CORRIENTES EN BIENES Y SERVICIOS,Altres despeses diverses,,,,8654.0,1101.5,9755.5,6278.2
2018.0.0.1721.0.22799,SERVICIOS PÚBLICOS BÁSICOS,1721,Protecció i millora medi ambient,22799,GASTOS CORRIENTES EN BIENES Y SERVICIOS,Altres treballs realitzats per altres empreses i professionals,,,,5000.0,2900.0,7900.0,0.0
2018.0.0.2210.0.151,ACTUACIONES DE PROTECCIÓN Y PROMOCIÓN SOCIAL,2210,Personal actiu,151,GASTOS DE PERSONAL,Gratificaciones,,,,1000.0,0.0,1000.0,0.0
2018.0.0.2210.0.16200,ACTUACIONES DE PROTECCIÓN Y PROMOCIÓN SOCIAL,2210,Personal actiu,16200,GASTOS DE PERSONAL,Formación y perfeccionamiento del personal,,,,20000.0,-2150.0,17850.0,0.0
2018.0.0.2210.0.16209,ACTUACIONES DE PROTECCIÓN Y PROMOCIÓN SOCIAL,2210,Personal actiu,16209,GASTOS DE PERSONAL,Altres despeses socials,,,,22000.0,0.0,22000.0,4986.4
2018.0.0.2210.1831.641,ACTUACIONES DE PROTECCIÓN Y PROMOCIÓN SOCIAL,2210,Personal actiu,641,INVERSIONES REALES,Despeses en aplicacions informàtiques,,,Ferramenta informàtica-Portal de l'empleat,16000.0,2150.0,18150.0,0.0
2018.0.0.2210.1832.641,ACTUACIONES DE PROTECCIÓN Y PROMOCIÓN SOCIAL,2210,Personal actiu,641,INVERSIONES REALES,Despeses en aplicacions informàtiques,,,Ferramenta informàtica- Borses de treball,18000.0,0.0,18000.0,0.0
2018.0.0.2211.0.16205,ACTUACIONES DE PROTECCIÓN Y PROMOCIÓN SOCIAL,2211,Segur. protec. i prom.soc,16205,GASTOS DE PERSONAL,Despeses socials,,,,3454.93,0.0,3454.93,3454.93
2018.0.0.2310.0.12009,ACTUACIONES DE PROTECCIÓN Y PROMOCIÓN SOCIAL,2310,Assistència Social,12009,GASTOS DE PERSONAL,Altres retribucions bàsiques,,,,90132.43,0.0,90132.43,15498.05
2018.0.0.2310.0.12103,ACTUACIONES DE PROTECCIÓN Y PROMOCIÓN SOCIAL,2310,Assistència Social,12103,GASTOS DE PERSONAL,Altres retribucions complementàries,,,,101025.02,0.0,101025.02,16768.35
2018.0.0.2310.0.131,ACTUACIONES DE PROTECCIÓN Y PROMOCIÓN SOCIAL,2310,Assistència Social,131,GASTOS DE PERSONAL,Laboral temporal,,,,111047.58,0.0,111047.58,10184.91
2018.0.0.2310.0.16000,ACTUACIONES DE PROTECCIÓN Y PROMOCIÓN SOCIAL,2310,Assistència Social,16000,GASTOS DE PERSONAL,Seguretat Social,,,,95904.51,0.0,95904.51,9071.62
2018.0.0.2310.0.22699,ACTUACIONES DE PROTECCIÓN Y PROMOCIÓN SOCIAL,2310,Assistència Social,22699,GASTOS CORRIENTES EN BIENES Y SERVICIOS,Altres despeses diverses,,,,1500.0,0.0,1500.0,112.0
2018.0.0.2311.0.22799,ACTUACIONES DE PROTECCIÓN Y PROMOCIÓN SOCIAL,2311,Emergència social,22799,GASTOS CORRIENTES EN BIENES Y SERVICIOS,Altres treballs realitzats per altres empreses i professionals,,,,10000.0,0.0,10000.0,0.0
2018.0.0.2311.0.480,ACTUACIONES DE PROTECCIÓN Y PROMOCIÓN SOCIAL,2311,Emergència social,480,TRANSFERENCIAS CORRIENTES,Ajudes indiv i atenc bene,,,,70000.0,0.0,70000.0,13900.0
2018.0.0.2311.0.483,ACTUACIONES DE PROTECCIÓN Y PROMOCIÓN SOCIAL,2311,Emergència social,483,TRANSFERENCIAS CORRIENTES,Ajudes per a pobresa energètica,,,,17000.0,0.0,17000.0,1574.13
2018.0.0.2311.0.485,ACTUACIONES DE PROTECCIÓN Y PROMOCIÓN SOCIAL,2311,Emergència social,485,TRANSFERENCIAS CORRIENTES,Ajudes alimentació persones risc d'exclusió social,,,,50000.0,0.0,50000.0,1000.0
2018.0.0.2311.0.489,ACTUACIONES DE PROTECCIÓN Y PROMOCIÓN SOCIAL,2311,Emergència social,489,TRANSFERENCIAS CORRIENTES,Aportacions i subvencions,,,,20000.0,2288.88,22288.88,2288.88
2018.0.0.2312.0.22799,ACTUACIONES DE PROTECCIÓN Y PROMOCIÓN SOCIAL,2312,Assistència domiciliaria,22799,GASTOS CORRIENTES EN BIENES Y SERVICIOS,Altres treballs realitzats per altres empreses i professionals,,,,18000.0,0.0,18000.0,0.0
2018.0.0.2313.0.12009,ACTUACIONES DE PROTECCIÓN Y PROMOCIÓN SOCIAL,2313,Prevenció Drogodependenc.,12009,GASTOS DE PERSONAL,Altres retribucions bàsiques,,,,18427.49,0.0,18427.49,4177.44
2018.0.0.2313.0.12103,ACTUACIONES DE PROTECCIÓN Y PROMOCIÓN SOCIAL,2313,Prevenció Drogodependenc.,12103,GASTOS DE PERSONAL,Altres retribucions complementàries,,,,18761.23,0.0,18761.23,4020.27
2018.0.0.2313.0.16000,ACTUACIONES DE PROTECCIÓN Y PROMOCIÓN SOCIAL,2313,Prevenció Drogodependenc.,16000,GASTOS DE PERSONAL,Seguretat Social,,,,11528.51,0.0,11528.51,1602.24
2018.0.0.2313.0.22699,ACTUACIONES DE PROTECCIÓN Y PROMOCIÓN SOCIAL,2313,Prevenció Drogodependenc.,22699,GASTOS CORRIENTES EN BIENES Y SERVICIOS,Altres despeses diverses,,,,5000.0,0.0,5000.0,0.0
2018.0.0.2314.0.22699,ACTUACIONES DE PROTECCIÓN Y PROMOCIÓN SOCIAL,2314,Entitats no lucratives,22699,GASTOS CORRIENTES EN BIENES Y SERVICIOS,Altres despeses diverses,,,,2000.0,0.0,2000.0,0.0
2018.0.0.2314.0.489,ACTUACIONES DE PROTECCIÓN Y PROMOCIÓN SOCIAL,2314,Entitats no lucratives,489,TRANSFERENCIAS CORRIENTES,Aportacions i subvencions,,,,5000.0,0.0,5000.0,0.0
2018.0.0.2314.0.789,ACTUACIONES DE PROTECCIÓN Y PROMOCIÓN SOCIAL,2314,Entitats no lucratives,789,TRANSFERENCIAS DE CAPITAL,Aportacions i subvencions,,,,3500.0,0.0,3500.0,0.0
2018.0.0.2315.0.22699,ACTUACIONES DE PROTECCIÓN Y PROMOCIÓN SOCIAL,2315,Departament d'igualtat,22699,GASTOS CORRIENTES EN BIENES Y SERVICIOS,Altres despeses diverses,,,,8000.0,0.0,8000.0,0.0
2018.0.0.2315.0.489,ACTUACIONES DE PROTECCIÓN Y PROMOCIÓN SOCIAL,2315,Departament d'igualtat,489,TRANSFERENCIAS CORRIENTES,Aportacions i subvencions,,,,2000.0,0.0,2000.0,0.0
2018.0.0.2316.0.131,ACTUACIONES DE PROTECCIÓN Y PROMOCIÓN SOCIAL,2316,Centre de dia infància,131,GASTOS DE PERSONAL,Laboral temporal,,,,31264.8,0.0,31264.8,6979.74
2018.0.0.2316.0.16000,ACTUACIONES DE PROTECCIÓN Y PROMOCIÓN SOCIAL,2316,Centre de dia infància,16000,GASTOS DE PERSONAL,Seguretat Social,,,,10317.38,0.0,10317.38,1703.32
2018.0.0.2316.0.22699,ACTUACIONES DE PROTECCIÓN Y PROMOCIÓN SOCIAL,2316,Centre de dia infància,22699,GASTOS CORRIENTES EN BIENES Y SERVICIOS,Altres despeses diverses,,,,6000.0,0.0,6000.0,493.93
2018.0.0.2316.1819.625,ACTUACIONES DE PROTECCIÓN Y PROMOCIÓN SOCIAL,2316,Centre de dia infància,625,INVERSIONES REALES,Inversió nova en mobiliari,,,Mobiliari centre connecta,3000.0,0.0,3000.0,0.0
2018.0.0.2318.0.12009,ACTUACIONES DE PROTECCIÓN Y PROMOCIÓN SOCIAL,2318,Educador de Carrer,12009,GASTOS DE PERSONAL,Altres retribucions bàsiques,,,,17462.44,0.0,17462.44,3892.74
2018.0.0.2318.0.12103,ACTUACIONES DE PROTECCIÓN Y PROMOCIÓN SOCIAL,2318,Educador de Carrer,12103,GASTOS DE PERSONAL,Altres retribucions complementàries,,,,18061.59,0.0,18061.59,3870.36
2018.0.0.2318.0.13002,ACTUACIONES DE PROTECCIÓN Y PROMOCIÓN SOCIAL,2318,Educador de Carrer,13002,GASTOS DE PERSONAL,Altres retribucions personal laborar fix,,,,19926.16,0.0,19926.16,3884.4
2018.0.0.2318.0.131,ACTUACIONES DE PROTECCIÓN Y PROMOCIÓN SOCIAL,2318,Educador de Carrer,131,GASTOS DE PERSONAL,Laboral temporal,,,,22342.08,0.0,22342.08,0.0
2018.0.0.2318.0.16000,ACTUACIONES DE PROTECCIÓN Y PROMOCIÓN SOCIAL,2318,Educador de Carrer,16000,GASTOS DE PERSONAL,Seguretat Social,,,,24562.45,0.0,24562.45,2481.34
2018.0.0.2318.0.22699,ACTUACIONES DE PROTECCIÓN Y PROMOCIÓN SOCIAL,2318,Educador de Carrer,22699,GASTOS CORRIENTES EN BIENES Y SERVICIOS,Altres despeses diverses,,,,3000.0,0.0,3000.0,1800.0
2018.0.0.2319.0.12009,ACTUACIONES DE PROTECCIÓN Y PROMOCIÓN SOCIAL,2319,Ajuda a la dependència,12009,GASTOS DE PERSONAL,Altres retribucions bàsiques,,,,0.0,0.0,0.0,3254.1
2018.0.0.2319.0.12103,ACTUACIONES DE PROTECCIÓN Y PROMOCIÓN SOCIAL,2319,Ajuda a la dependència,12103,GASTOS DE PERSONAL,Altres retribucions complementàries,,,,0.0,0.0,0.0,2453.67
2018.0.0.2319.0.131,ACTUACIONES DE PROTECCIÓN Y PROMOCIÓN SOCIAL,2319,Ajuda a la dependència,131,GASTOS DE PERSONAL,Laboral temporal,,,,26048.42,0.0,26048.42,0.0
2018.0.0.2319.0.16000,ACTUACIONES DE PROTECCIÓN Y PROMOCIÓN SOCIAL,2319,Ajuda a la dependència,16000,GASTOS DE PERSONAL,Seguretat Social,,,,8595.98,0.0,8595.98,1192.92
2018.0.0.2410.0.131,ACTUACIONES DE PROTECCIÓN Y PROMOCIÓN SOCIAL,2410,Taller ocupació,131,GASTOS DE PERSONAL,Laboral temporal,,,,938.9,0.0,938.9,0.0
2018.0.0.2410.0.16000,ACTUACIONES DE PROTECCIÓN Y PROMOCIÓN SOCIAL,2410,Taller ocupació,16000,GASTOS DE PERSONAL,Seguretat Social,,,,309.84,0.0,309.84,0.0
2018.0.0.2410.0.22199,ACTUACIONES DE PROTECCIÓN Y PROMOCIÓN SOCIAL,2410,Taller ocupació,22199,GASTOS CORRIENTES EN BIENES Y SERVICIOS,Otros suministros,,,,20000.0,0.0,20000.0,0.0
2018.0.0.2410.1712.12009,ACTUACIONES DE PROTECCIÓN Y PROMOCIÓN SOCIAL,2410,Taller ocupació,12009,GASTOS DE PERSONAL,Altres retribucions bàsiques,,,T.E. SILLA EN MARXA II - FOTAE/2017/40/46,0.0,157164.0,157164.0,39361.11
2018.0.0.2410.1712.131,ACTUACIONES DE PROTECCIÓN Y PROMOCIÓN SOCIAL,2410,Taller ocupació,131,GASTOS DE PERSONAL,Laboral temporal,,,T.E. SILLA EN MARXA II - FOTAE/2017/40/46,0.0,294837.1,294837.1,75094.73
2018.0.0.2410.1712.16000,ACTUACIONES DE PROTECCIÓN Y PROMOCIÓN SOCIAL,2410,Taller ocupació,16000,GASTOS DE PERSONAL,Seguretat Social,,,T.E. SILLA EN MARXA II - FOTAE/2017/40/46,0.0,63075.0,63075.0,10788.03
2018.0.0.2410.1712.22699,ACTUACIONES DE PROTECCIÓN Y PROMOCIÓN SOCIAL,2410,Taller ocupació,22699,GASTOS CORRIENTES EN BIENES Y SERVICIOS,Altres despeses diverses,,,T.E. SILLA EN MARXA II - FOTAE/2017/40/46,0.0,59323.0,59323.0,10668.91
2018.0.0.2410.1713.12009,ACTUACIONES DE PROTECCIÓN Y PROMOCIÓN SOCIAL,2410,Taller ocupació,12009,GASTOS DE PERSONAL,Altres retribucions bàsiques,,,E.T. FORMEM SILLA EMPLEA FETFO/2017/14/46,0.0,35128.7,35128.7,26092.26
2018.0.0.2410.1713.131,ACTUACIONES DE PROTECCIÓN Y PROMOCIÓN SOCIAL,2410,Taller ocupació,131,GASTOS DE PERSONAL,Laboral temporal,,,E.T. FORMEM SILLA EMPLEA FETFO/2017/14/46,0.0,64454.0,64454.0,49395.22
2018.0.0.2410.1713.16000,ACTUACIONES DE PROTECCIÓN Y PROMOCIÓN SOCIAL,2410,Taller ocupació,16000,GASTOS DE PERSONAL,Seguretat Social,,,E.T. FORMEM SILLA EMPLEA FETFO/2017/14/46,0.0,13522.6,13522.6,7151.01
2018.0.0.2410.1713.22699,ACTUACIONES DE PROTECCIÓN Y PROMOCIÓN SOCIAL,2410,Taller ocupació,22699,GASTOS CORRIENTES EN BIENES Y SERVICIOS,Altres despeses diverses,,,E.T. FORMEM SILLA EMPLEA FETFO/2017/14/46,0.0,13184.0,13184.0,5666.61
2018.0.0.2411.0.216,ACTUACIONES DE PROTECCIÓN Y PROMOCIÓN SOCIAL,2411,Promoció de l'ocupació,216,GASTOS CORRIENTES EN BIENES Y SERVICIOS,Rep mnment.conser.Equips per proces informació,,,,2613.6,0.0,2613.6,0.0
2018.0.0.2411.0.22799,ACTUACIONES DE PROTECCIÓN Y PROMOCIÓN SOCIAL,2411,Promoció de l'ocupació,22799,GASTOS CORRIENTES EN BIENES Y SERVICIOS,Altres treballs realitzats per altres empreses i professionals,,,,156000.0,0.0,156000.0,0.0
2018.0.0.2411.1714.131,ACTUACIONES DE PROTECCIÓN Y PROMOCIÓN SOCIAL,2411,Promoció de l'ocupació,131,GASTOS DE PERSONAL,Laboral temporal,,,Contractació a persones desocupades EMCORP/2017/189/46,0.0,22226.98,22226.98,11932.29
2018.0.0.2411.1714.16000,ACTUACIONES DE PROTECCIÓN Y PROMOCIÓN SOCIAL,2411,Promoció de l'ocupació,16000,GASTOS DE PERSONAL,Seguretat Social,,,Contractació a persones desocupades EMCORP/2017/189/46,0.0,7279.37,7279.37,2614.38
2018.0.0.2411.1716.22001,ACTUACIONES DE PROTECCIÓN Y PROMOCIÓN SOCIAL,2411,Promoció de l'ocupació,22001,GASTOS CORRIENTES EN BIENES Y SERVICIOS,"Prensa, revistas, libros y otras publicaciones",,,Anglès. Gestió comercial FME99/2017/4/46,0.0,2236.07,2236.07,1752.47
2018.0.0.2411.1716.22799,ACTUACIONES DE PROTECCIÓN Y PROMOCIÓN SOCIAL,2411,Promoció de l'ocupació,22799,GASTOS CORRIENTES EN BIENES Y SERVICIOS,Altres treballs realitzats per altres empreses i professionals,,,Anglès. Gestió comercial FME99/2017/4/46,0.0,6345.0,6345.0,2970.0
2018.0.0.2411.1717.12009,ACTUACIONES DE PROTECCIÓN Y PROMOCIÓN SOCIAL,2411,Promoció de l'ocupació,12009,GASTOS DE PERSONAL,Altres retribucions bàsiques,,,Accions d'orientació laboral persones desocupades ILPLD/2017/46/46,0.0,2535.16,2535.16,0.0
2018.0.0.2411.1717.12103,ACTUACIONES DE PROTECCIÓN Y PROMOCIÓN SOCIAL,2411,Promoció de l'ocupació,12103,GASTOS DE PERSONAL,Altres retribucions complementàries,,,Accions d'orientació laboral persones desocupades ILPLD/2017/46/46,0.0,2691.89,2691.89,0.0
2018.0.0.2411.1717.16000,ACTUACIONES DE PROTECCIÓN Y PROMOCIÓN SOCIAL,2411,Promoció de l'ocupació,16000,GASTOS DE PERSONAL,Seguretat Social,,,Accions d'orientació laboral persones desocupades ILPLD/2017/46/46,0.0,1670.03,1670.03,0.0
2018.0.0.2412.0.131,ACTUACIONES DE PROTECCIÓN Y PROMOCIÓN SOCIAL,2412,Programa ocupació emergència social,131,GASTOS DE PERSONAL,Laboral temporal,,,,130000.0,0.0,130000.0,20245.93
2018.0.0.2412.0.16000,ACTUACIONES DE PROTECCIÓN Y PROMOCIÓN SOCIAL,2412,Programa ocupació emergència social,16000,GASTOS DE PERSONAL,Seguretat Social,,,,42900.0,0.0,42900.0,4413.48
2018.0.0.2412.0.22199,ACTUACIONES DE PROTECCIÓN Y PROMOCIÓN SOCIAL,2412,Programa ocupació emergència social,22199,GASTOS CORRIENTES EN BIENES Y SERVICIOS,Otros suministros,,,,40000.0,0.0,40000.0,0.0
2018.0.0.3110.0.22100,PRODUCCIÓN DE BIENES PÚBLICOS DE CARÁCTER PREFERENTE,3110,Medicaments i prod sanita,22100,GASTOS CORRIENTES EN BIENES Y SERVICIOS,Energia elèctrica,,,,1000.0,0.0,1000.0,0.0
2018.0.0.3111.0.22799,PRODUCCIÓN DE BIENES PÚBLICOS DE CARÁCTER PREFERENTE,3111,Salut Pública,22799,GASTOS CORRIENTES EN BIENES Y SERVICIOS,Altres treballs realitzats per altres empreses i professionals,,,,72500.0,0.0,72500.0,514.79
2018.0.0.3112.0.22799,PRODUCCIÓN DE BIENES PÚBLICOS DE CARÁCTER PREFERENTE,3112,Desinfeccio i Desratitza.,22799,GASTOS CORRIENTES EN BIENES Y SERVICIOS,Altres treballs realitzats per altres empreses i professionals,,,,35600.0,0.0,35600.0,4556.19
2018.0.0.3113.0.13002,PRODUCCIÓN DE BIENES PÚBLICOS DE CARÁCTER PREFERENTE,3113,Ciutats sanes,13002,GASTOS DE PERSONAL,Altres retribucions personal laborar fix,,,,15597.33,0.0,15597.33,3668.82
2018.0.0.3113.0.16000,PRODUCCIÓN DE BIENES PÚBLICOS DE CARÁCTER PREFERENTE,3113,Ciutats sanes,16000,GASTOS DE PERSONAL,Seguretat Social,,,,4835.17,0.0,4835.17,916.77
2018.0.0.3113.0.22699,PRODUCCIÓN DE BIENES PÚBLICOS DE CARÁCTER PREFERENTE,3113,Ciutats sanes,22699,GASTOS CORRIENTES EN BIENES Y SERVICIOS,Altres despeses diverses,,,,6850.0,0.0,6850.0,0.0
2018.0.0.3121.0.12009,PRODUCCIÓN DE BIENES PÚBLICOS DE CARÁCTER PREFERENTE,3121,Servei Mèdic,12009,GASTOS DE PERSONAL,Altres retribucions bàsiques,,,,20154.96,0.0,20154.96,4569.12
2018.0.0.3121.0.12103,PRODUCCIÓN DE BIENES PÚBLICOS DE CARÁCTER PREFERENTE,3121,Servei Mèdic,12103,GASTOS DE PERSONAL,Altres retribucions complementàries,,,,30237.54,0.0,30237.54,6479.49
2018.0.0.3121.0.16000,PRODUCCIÓN DE BIENES PÚBLICOS DE CARÁCTER PREFERENTE,3121,Servei Mèdic,16000,GASTOS DE PERSONAL,Seguretat Social,,,,15621.67,0.0,15621.67,1939.36
2018.0.0.3200.0.22699,PRODUCCIÓN DE BIENES PÚBLICOS DE CARÁCTER PREFERENTE,3200,Ponència d'educació,22699,GASTOS CORRIENTES EN BIENES Y SERVICIOS,Altres despeses diverses,,,,11800.0,0.0,11800.0,2247.45
2018.0.0.3200.0.489,PRODUCCIÓN DE BIENES PÚBLICOS DE CARÁCTER PREFERENTE,3200,Ponència d'educació,489,TRANSFERENCIAS CORRIENTES,Aportacions i subvencions,,,,3200.0,0.0,3200.0,0.0
2018.0.0.3231.0.12009,PRODUCCIÓN DE BIENES PÚBLICOS DE CARÁCTER PREFERENTE,3231,Centres educatius,12009,GASTOS DE PERSONAL,Altres retribucions bàsiques,,,,64568.98,0.0,64568.98,13711.29
2018.0.0.3231.0.12103,PRODUCCIÓN DE BIENES PÚBLICOS DE CARÁCTER PREFERENTE,3231,Centres educatius,12103,GASTOS DE PERSONAL,Altres retribucions complementàries,,,,64550.94,0.0,64550.94,13832.46
2018.0.0.3231.0.16000,PRODUCCIÓN DE BIENES PÚBLICOS DE CARÁCTER PREFERENTE,3231,Centres educatius,16000,GASTOS DE PERSONAL,Seguretat Social,,,,40027.18,0.0,40027.18,6297.38
2018.0.0.3231.0.212,PRODUCCIÓN DE BIENES PÚBLICOS DE CARÁCTER PREFERENTE,3231,Centres educatius,212,GASTOS CORRIENTES EN BIENES Y SERVICIOS,Rep mnment.conser.edificis i altres construccions,,,,47927.3,0.0,47927.3,1054.54
2018.0.0.3231.0.22100,PRODUCCIÓN DE BIENES PÚBLICOS DE CARÁCTER PREFERENTE,3231,Centres educatius,22100,GASTOS CORRIENTES EN BIENES Y SERVICIOS,Energia elèctrica,,,,38221.52,0.0,38221.52,917.94
2018.0.0.3231.0.22102,PRODUCCIÓN DE BIENES PÚBLICOS DE CARÁCTER PREFERENTE,3231,Centres educatius,22102,GASTOS CORRIENTES EN BIENES Y SERVICIOS,Gas,,,,70784.75,0.0,70784.75,0.0
2018.0.0.3231.1813.619,PRODUCCIÓN DE BIENES PÚBLICOS DE CARÁCTER PREFERENTE,3231,Centres educatius,619,INVERSIONES REALES,Otras inversiones de reposición en infraestructuras y bienes destinados al uso general,,,Reparacions Ensenyament primari,10000.0,0.0,10000.0,0.0
2018.0.0.3231.1828.632,PRODUCCIÓN DE BIENES PÚBLICOS DE CARÁCTER PREFERENTE,3231,Centres educatius,632,INVERSIONES REALES,Inversió reposició edificios i altres construccions,,,Instal.lació alarma CP Verge Desemparats,6900.0,0.0,6900.0,0.0
2018.0.0.3250.0.131,PRODUCCIÓN DE BIENES PÚBLICOS DE CARÁCTER PREFERENTE,3250,Monitor despertador,131,GASTOS DE PERSONAL,Laboral temporal,,,,3098.14,0.0,3098.14,0.0
2018.0.0.3250.0.16000,PRODUCCIÓN DE BIENES PÚBLICOS DE CARÁCTER PREFERENTE,3250,Monitor despertador,16000,GASTOS DE PERSONAL,Seguretat Social,,,,1022.39,0.0,1022.39,0.0
2018.0.0.3261.0.13002,PRODUCCIÓN DE BIENES PÚBLICOS DE CARÁCTER PREFERENTE,3261,Centre de formació de persones adultes,13002,GASTOS DE PERSONAL,Altres retribucions personal laborar fix,,,,44038.89,0.0,44038.89,9409.92
2018.0.0.3261.0.131,PRODUCCIÓN DE BIENES PÚBLICOS DE CARÁCTER PREFERENTE,3261,Centre de formació de persones adultes,131,GASTOS DE PERSONAL,Laboral temporal,,,,11674.12,0.0,11674.12,4168.53
2018.0.0.3261.0.16000,PRODUCCIÓN DE BIENES PÚBLICOS DE CARÁCTER PREFERENTE,3261,Centre de formació de persones adultes,16000,GASTOS DE PERSONAL,Seguretat Social,,,,17504.52,0.0,17504.52,3370.58
2018.0.0.3261.0.203,PRODUCCIÓN DE BIENES PÚBLICOS DE CARÁCTER PREFERENTE,3261,Centre de formació de persones adultes,203,GASTOS CORRIENTES EN BIENES Y SERVICIOS,"Arrendaments de maquinaria, instalacions i utillatge",,,,0.0,0.0,0.0,72.6
2018.0.0.3261.0.22699,PRODUCCIÓN DE BIENES PÚBLICOS DE CARÁCTER PREFERENTE,3261,Centre de formació de persones adultes,22699,GASTOS CORRIENTES EN BIENES Y SERVICIOS,Altres despeses diverses,,,,2000.0,0.0,2000.0,397.8
2018.0.0.3261.0.22799,PRODUCCIÓN DE BIENES PÚBLICOS DE CARÁCTER PREFERENTE,3261,Centre de formació de persones adultes,22799,GASTOS CORRIENTES EN BIENES Y SERVICIOS,Altres treballs realitzats per altres empreses i professionals,,,,15000.0,0.0,15000.0,1622.0
2018.0.0.3262.0.16000,PRODUCCIÓN DE BIENES PÚBLICOS DE CARÁCTER PREFERENTE,3262,Programa suport a l'educació,16000,GASTOS DE PERSONAL,Seguretat Social,,,,1141.8,0.0,1141.8,0.0
2018.0.0.3262.0.481,PRODUCCIÓN DE BIENES PÚBLICOS DE CARÁCTER PREFERENTE,3262,Programa suport a l'educació,481,TRANSFERENCIAS CORRIENTES,Premis i Beques,,,,78000.0,0.0,78000.0,0.0
2018.0.0.3263.0.482,PRODUCCIÓN DE BIENES PÚBLICOS DE CARÁCTER PREFERENTE,3263,Programa d'inclusió social i educativa,482,TRANSFERENCIAS CORRIENTES,Suport a la compensació social educativa,,,,28000.0,0.0,28000.0,0.0
2018.0.0.3264.0.12009,PRODUCCIÓN DE BIENES PÚBLICOS DE CARÁCTER PREFERENTE,3264,Gabinet psicopedagògic,12009,GASTOS DE PERSONAL,Altres retribucions bàsiques,,,,34230.95,0.0,34230.95,7635.31
2018.0.0.3264.0.12103,PRODUCCIÓN DE BIENES PÚBLICOS DE CARÁCTER PREFERENTE,3264,Gabinet psicopedagògic,12103,GASTOS DE PERSONAL,Altres retribucions complementàries,,,,37522.47,0.0,37522.47,8040.54
2018.0.0.3264.0.16000,PRODUCCIÓN DE BIENES PÚBLICOS DE CARÁCTER PREFERENTE,3264,Gabinet psicopedagògic,16000,GASTOS DE PERSONAL,Seguretat Social,,,,22243.56,0.0,22243.56,3448.1
2018.0.0.3265.0.410,PRODUCCIÓN DE BIENES PÚBLICOS DE CARÁCTER PREFERENTE,3265,OOAA Conservatori Música,410,TRANSFERENCIAS CORRIENTES,OOAA Conservatori Música,,,,221410.4,0.0,221410.4,55352.6
2018.0.0.3265.0.710,PRODUCCIÓN DE BIENES PÚBLICOS DE CARÁCTER PREFERENTE,3265,OOAA Conservatori Música,710,TRANSFERENCIAS DE CAPITAL,A OOAA Conservatori Music,,,,3000.0,0.0,3000.0,0.0
2018.0.0.3270.0.22699,PRODUCCIÓN DE BIENES PÚBLICOS DE CARÁCTER PREFERENTE,3270,Benestar animal,22699,GASTOS CORRIENTES EN BIENES Y SERVICIOS,Altres despeses diverses,,,,3000.0,0.0,3000.0,0.0
2018.0.0.3300.0.12009,PRODUCCIÓN DE BIENES PÚBLICOS DE CARÁCTER PREFERENTE,3300,Animador Cultural,12009,GASTOS DE PERSONAL,Altres retribucions bàsiques,,,,19579.13,0.0,19579.13,4438.56
2018.0.0.3300.0.12103,PRODUCCIÓN DE BIENES PÚBLICOS DE CARÁCTER PREFERENTE,3300,Animador Cultural,12103,GASTOS DE PERSONAL,Altres retribucions complementàries,,,,18761.23,0.0,18761.23,4020.27
2018.0.0.3300.0.16000,PRODUCCIÓN DE BIENES PÚBLICOS DE CARÁCTER PREFERENTE,3300,Animador Cultural,16000,GASTOS DE PERSONAL,Seguretat Social,,,,11885.51,0.0,11885.51,2005.16
2018.0.0.3321.0.12009,PRODUCCIÓN DE BIENES PÚBLICOS DE CARÁCTER PREFERENTE,3321,Biblioteques públiques,12009,GASTOS DE PERSONAL,Altres retribucions bàsiques,,,,50641.85,0.0,50641.85,10076.3
2018.0.0.3321.0.12103,PRODUCCIÓN DE BIENES PÚBLICOS DE CARÁCTER PREFERENTE,3321,Biblioteques públiques,12103,GASTOS DE PERSONAL,Altres retribucions complementàries,,,,47610.94,0.0,47610.94,13364.37
2018.0.0.3321.0.16000,PRODUCCIÓN DE BIENES PÚBLICOS DE CARÁCTER PREFERENTE,3321,Biblioteques públiques,16000,GASTOS DE PERSONAL,Seguretat Social,,,,30458.36,0.0,30458.36,2295.79
2018.0.0.3321.0.22699,PRODUCCIÓN DE BIENES PÚBLICOS DE CARÁCTER PREFERENTE,3321,Biblioteques públiques,22699,GASTOS CORRIENTES EN BIENES Y SERVICIOS,Altres despeses diverses,,,,2500.0,0.0,2500.0,136.3
2018.0.0.3321.1825.627,PRODUCCIÓN DE BIENES PÚBLICOS DE CARÁCTER PREFERENTE,3321,Biblioteques públiques,627,INVERSIONES REALES,Projectes complexos,,,"Adquisició llibres, CD's i DVD's",3000.0,0.0,3000.0,0.0
2018.0.0.3322.0.12009,PRODUCCIÓN DE BIENES PÚBLICOS DE CARÁCTER PREFERENTE,3322,Arxius,12009,GASTOS DE PERSONAL,Altres retribucions bàsiques,,,,43765.47,0.0,43765.47,7118.94
2018.0.0.3322.0.12103,PRODUCCIÓN DE BIENES PÚBLICOS DE CARÁCTER PREFERENTE,3322,Arxius,12103,GASTOS DE PERSONAL,Altres retribucions complementàries,,,,47309.07,0.0,47309.07,7004.01
2018.0.0.3322.0.16000,PRODUCCIÓN DE BIENES PÚBLICOS DE CARÁCTER PREFERENTE,3322,Arxius,16000,GASTOS DE PERSONAL,Seguretat Social,,,,28233.11,0.0,28233.11,2452.84
2018.0.0.3322.0.202,PRODUCCIÓN DE BIENES PÚBLICOS DE CARÁCTER PREFERENTE,3322,Arxius,202,GASTOS CORRIENTES EN BIENES Y SERVICIOS,Arrendaments d'edificis i altres construccions,,,,12000.0,0.0,12000.0,2000.0
2018.0.0.3330.0.13002,PRODUCCIÓN DE BIENES PÚBLICOS DE CARÁCTER PREFERENTE,3330,Escola de teatre,13002,GASTOS DE PERSONAL,Altres retribucions personal laborar fix,,,,6047.72,0.0,6047.72,1856.4
2018.0.0.3330.0.16000,PRODUCCIÓN DE BIENES PÚBLICOS DE CARÁCTER PREFERENTE,3330,Escola de teatre,16000,GASTOS DE PERSONAL,Seguretat Social,,,,1874.79,0.0,1874.79,443.12
2018.0.0.3330.0.22699,PRODUCCIÓN DE BIENES PÚBLICOS DE CARÁCTER PREFERENTE,3330,Escola de teatre,22699,GASTOS CORRIENTES EN BIENES Y SERVICIOS,Altres despeses diverses,,,,8000.0,0.0,8000.0,0.0
2018.0.0.3331.0.22699,PRODUCCIÓN DE BIENES PÚBLICOS DE CARÁCTER PREFERENTE,3331,Projeccions i representacions teatrals,22699,GASTOS CORRIENTES EN BIENES Y SERVICIOS,Altres despeses diverses,,,,61000.0,0.0,61000.0,998.25
2018.0.0.3340.0.22699,PRODUCCIÓN DE BIENES PÚBLICOS DE CARÁCTER PREFERENTE,3340,Ponència de Cultura,22699,GASTOS CORRIENTES EN BIENES Y SERVICIOS,Altres despeses diverses,,,,22000.0,0.0,22000.0,2783.0
2018.0.0.3340.0.479,PRODUCCIÓN DE BIENES PÚBLICOS DE CARÁCTER PREFERENTE,3340,Ponència de Cultura,479,TRANSFERENCIAS CORRIENTES,Otras subvenciones a Empresas privadas,,,,3000.0,0.0,3000.0,0.0
2018.0.0.3340.0.489,PRODUCCIÓN DE BIENES PÚBLICOS DE CARÁCTER PREFERENTE,3340,Ponència de Cultura,489,TRANSFERENCIAS CORRIENTES,Aportacions i subvencions,,,,39650.0,0.0,39650.0,0.0
2018.0.0.3340.1820.625,PRODUCCIÓN DE BIENES PÚBLICOS DE CARÁCTER PREFERENTE,3340,Ponència de Cultura,625,INVERSIONES REALES,Inversió nova en mobiliari,,,Mobiliari,1800.0,0.0,1800.0,0.0
2018.0.0.3341.0.12009,PRODUCCIÓN DE BIENES PÚBLICOS DE CARÁCTER PREFERENTE,3341,Casa de la Cultura,12009,GASTOS DE PERSONAL,Altres retribucions bàsiques,,,,22679.21,0.0,22679.21,4976.19
2018.0.0.3341.0.12103,PRODUCCIÓN DE BIENES PÚBLICOS DE CARÁCTER PREFERENTE,3341,Casa de la Cultura,12103,GASTOS DE PERSONAL,Altres retribucions complementàries,,,,32736.93,0.0,32736.93,7015.05
2018.0.0.3341.0.16000,PRODUCCIÓN DE BIENES PÚBLICOS DE CARÁCTER PREFERENTE,3341,Casa de la Cultura,16000,GASTOS DE PERSONAL,Seguretat Social,,,,17179.0,0.0,17179.0,2636.98
2018.0.0.3342.0.22699,PRODUCCIÓN DE BIENES PÚBLICOS DE CARÁCTER PREFERENTE,3342,Setmana lletres valencian,22699,GASTOS CORRIENTES EN BIENES Y SERVICIOS,Altres despeses diverses,,,,2500.0,0.0,2500.0,0.0
2018.0.0.3343.0.22699,PRODUCCIÓN DE BIENES PÚBLICOS DE CARÁCTER PREFERENTE,3343,Campanya animació lectura,22699,GASTOS CORRIENTES EN BIENES Y SERVICIOS,Altres despeses diverses,,,,1500.0,0.0,1500.0,0.0
2018.0.0.3344.0.22699,PRODUCCIÓN DE BIENES PÚBLICOS DE CARÁCTER PREFERENTE,3344,Projectes cultur. Europeu,22699,GASTOS CORRIENTES EN BIENES Y SERVICIOS,Altres despeses diverses,,,,2000.0,0.0,2000.0,0.0
2018.0.0.3346.0.22699,PRODUCCIÓN DE BIENES PÚBLICOS DE CARÁCTER PREFERENTE,3346,Cronista,22699,GASTOS CORRIENTES EN BIENES Y SERVICIOS,Altres despeses diverses,,,,1000.0,0.0,1000.0,0.0
2018.0.0.3347.0.22000,PRODUCCIÓN DE BIENES PÚBLICOS DE CARÁCTER PREFERENTE,3347,Pomoció d'Ús Valencià,22000,GASTOS CORRIENTES EN BIENES Y SERVICIOS,Material d'oficina ordinari no inventariable,,,,500.0,0.0,500.0,0.0
2018.0.0.3347.0.22699,PRODUCCIÓN DE BIENES PÚBLICOS DE CARÁCTER PREFERENTE,3347,Pomoció d'Ús Valencià,22699,GASTOS CORRIENTES EN BIENES Y SERVICIOS,Altres despeses diverses,,,,4000.0,0.0,4000.0,45.0
2018.0.0.3370.0.12009,PRODUCCIÓN DE BIENES PÚBLICOS DE CARÁCTER PREFERENTE,3370,Ponència de Joventut,12009,GASTOS DE PERSONAL,Altres retribucions bàsiques,,,,37188.15,0.0,37188.15,15267.16
2018.0.0.3370.0.12103,PRODUCCIÓN DE BIENES PÚBLICOS DE CARÁCTER PREFERENTE,3370,Ponència de Joventut,12103,GASTOS DE PERSONAL,Altres retribucions complementàries,,,,46407.48,0.0,46407.48,19594.24
2018.0.0.3370.0.131,PRODUCCIÓN DE BIENES PÚBLICOS DE CARÁCTER PREFERENTE,3370,Ponència de Joventut,131,GASTOS DE PERSONAL,Laboral temporal,,,,30225.52,0.0,30225.52,0.0
2018.0.0.3370.0.16000,PRODUCCIÓN DE BIENES PÚBLICOS DE CARÁCTER PREFERENTE,3370,Ponència de Joventut,16000,GASTOS DE PERSONAL,Seguretat Social,,,,35889.07,0.0,35889.07,7637.0
2018.0.0.3370.0.467,PRODUCCIÓN DE BIENES PÚBLICOS DE CARÁCTER PREFERENTE,3370,Ponència de Joventut,467,TRANSFERENCIAS CORRIENTES,A Consorcis,,,,2000.0,0.0,2000.0,2000.0
2018.0.0.3371.0.22699,PRODUCCIÓN DE BIENES PÚBLICOS DE CARÁCTER PREFERENTE,3371,"Ponència d'infància, adolescència i joventut",22699,GASTOS CORRIENTES EN BIENES Y SERVICIOS,Altres despeses diverses,,,,31300.0,0.0,31300.0,1024.55
2018.0.0.3371.1720.22699,PRODUCCIÓN DE BIENES PÚBLICOS DE CARÁCTER PREFERENTE,3371,"Ponència d'infància, adolescència i joventut",22699,GASTOS CORRIENTES EN BIENES Y SERVICIOS,Altres despeses diverses,,,Erasmus + 2017-1-ES01-KA204-038597 learning by intercultural cooking,0.0,28176.0,28176.0,1400.0
2018.0.0.3371.1720.481,PRODUCCIÓN DE BIENES PÚBLICOS DE CARÁCTER PREFERENTE,3371,"Ponència d'infància, adolescència i joventut",481,TRANSFERENCIAS CORRIENTES,Premis i Beques,,,Erasmus + 2017-1-ES01-KA204-038597 learning by intercultural cooking,0.0,1150.0,1150.0,0.0
2018.0.0.3371.1821.625,PRODUCCIÓN DE BIENES PÚBLICOS DE CARÁCTER PREFERENTE,3371,"Ponència d'infància, adolescència i joventut",625,INVERSIONES REALES,Inversió nova en mobiliari,,,Mobiliari CIJ+nou espai jove l'Alteró,40559.15,0.0,40559.15,0.0
2018.0.0.3379.0.212,PRODUCCIÓN DE BIENES PÚBLICOS DE CARÁCTER PREFERENTE,3379,Centre Tercera edat,212,GASTOS CORRIENTES EN BIENES Y SERVICIOS,Rep mnment.conser.edificis i altres construccions,,,,1619.84,0.0,1619.84,0.0
2018.0.0.3379.0.22100,PRODUCCIÓN DE BIENES PÚBLICOS DE CARÁCTER PREFERENTE,3379,Centre Tercera edat,22100,GASTOS CORRIENTES EN BIENES Y SERVICIOS,Energia elèctrica,,,,16418.94,0.0,16418.94,1327.2
2018.0.0.3379.0.22699,PRODUCCIÓN DE BIENES PÚBLICOS DE CARÁCTER PREFERENTE,3379,Centre Tercera edat,22699,GASTOS CORRIENTES EN BIENES Y SERVICIOS,Altres despeses diverses,,,,8500.0,0.0,8500.0,0.0
2018.0.0.3379.0.489,PRODUCCIÓN DE BIENES PÚBLICOS DE CARÁCTER PREFERENTE,3379,Centre Tercera edat,489,TRANSFERENCIAS CORRIENTES,Aportacions i subvencions,,,,7000.0,0.0,7000.0,0.0
2018.0.0.3380.0.12009,PRODUCCIÓN DE BIENES PÚBLICOS DE CARÁCTER PREFERENTE,3380,Festes Populars,12009,GASTOS DE PERSONAL,Altres retribucions bàsiques,,,,20041.73,4990.88,25032.61,5662.2
2018.0.0.3380.0.12103,PRODUCCIÓN DE BIENES PÚBLICOS DE CARÁCTER PREFERENTE,3380,Festes Populars,12103,GASTOS DE PERSONAL,Altres retribucions complementàries,,,,23501.53,5669.36,29170.89,6250.94
2018.0.0.3380.0.131,PRODUCCIÓN DE BIENES PÚBLICOS DE CARÁCTER PREFERENTE,3380,Festes Populars,131,GASTOS DE PERSONAL,Laboral temporal,,,,4318.58,0.0,4318.58,0.0
2018.0.0.3380.0.16000,PRODUCCIÓN DE BIENES PÚBLICOS DE CARÁCTER PREFERENTE,3380,Festes Populars,16000,GASTOS DE PERSONAL,Seguretat Social,,,,14923.54,3342.0,18265.54,1876.06
2018.0.0.3380.0.22699,PRODUCCIÓN DE BIENES PÚBLICOS DE CARÁCTER PREFERENTE,3380,Festes Populars,22699,GASTOS CORRIENTES EN BIENES Y SERVICIOS,Altres despeses diverses,,,,161700.0,0.0,161700.0,55201.21
2018.0.0.3380.0.489,PRODUCCIÓN DE BIENES PÚBLICOS DE CARÁCTER PREFERENTE,3380,Festes Populars,489,TRANSFERENCIAS CORRIENTES,Aportacions i subvencions,,,,20054.0,0.0,20054.0,0.0
2018.0.0.3380.1826.627,PRODUCCIÓN DE BIENES PÚBLICOS DE CARÁCTER PREFERENTE,3380,Festes Populars,627,INVERSIONES REALES,Projectes complexos,,,Inversions festes,1000.0,0.0,1000.0,0.0
2018.0.0.3410.0.22699,PRODUCCIÓN DE BIENES PÚBLICOS DE CARÁCTER PREFERENTE,3410,Ponència d'Esports,22699,GASTOS CORRIENTES EN BIENES Y SERVICIOS,Altres despeses diverses,,,,4850.0,-782.91,4067.09,316.32
2018.0.0.3410.0.489,PRODUCCIÓN DE BIENES PÚBLICOS DE CARÁCTER PREFERENTE,3410,Ponència d'Esports,489,TRANSFERENCIAS CORRIENTES,Aportacions i subvencions,,,,113200.0,0.0,113200.0,0.0
2018.0.0.3410.1816.623,PRODUCCIÓN DE BIENES PÚBLICOS DE CARÁCTER PREFERENTE,3410,Ponència d'Esports,623,INVERSIONES REALES,"Inversió nova en maquinaria, instalacions técniques i utillatge",,,Maquinaria ponència esports,16793.48,0.0,16793.48,0.0
2018.0.0.3420.0.13002,PRODUCCIÓN DE BIENES PÚBLICOS DE CARÁCTER PREFERENTE,3420,Piscina d'Estiu,13002,GASTOS DE PERSONAL,Altres retribucions personal laborar fix,,,,20048.17,0.0,20048.17,0.0
2018.0.0.3420.0.131,PRODUCCIÓN DE BIENES PÚBLICOS DE CARÁCTER PREFERENTE,3420,Piscina d'Estiu,131,GASTOS DE PERSONAL,Laboral temporal,,,,5274.3,0.0,5274.3,0.0
2018.0.0.3420.0.16000,PRODUCCIÓN DE BIENES PÚBLICOS DE CARÁCTER PREFERENTE,3420,Piscina d'Estiu,16000,GASTOS DE PERSONAL,Seguretat Social,,,,7955.45,0.0,7955.45,0.0
2018.0.0.3420.0.213,PRODUCCIÓN DE BIENES PÚBLICOS DE CARÁCTER PREFERENTE,3420,Piscina d'Estiu,213,GASTOS CORRIENTES EN BIENES Y SERVICIOS,"Rep mnment.conser.maquinaria, instal.técniques i utillatge",,,,25911.46,0.0,25911.46,13.07
2018.0.0.3420.0.22699,PRODUCCIÓN DE BIENES PÚBLICOS DE CARÁCTER PREFERENTE,3420,Piscina d'Estiu,22699,GASTOS CORRIENTES EN BIENES Y SERVICIOS,Altres despeses diverses,,,,11648.0,0.0,11648.0,0.0
2018.0.0.3420.0.22799,PRODUCCIÓN DE BIENES PÚBLICOS DE CARÁCTER PREFERENTE,3420,Piscina d'Estiu,22799,GASTOS CORRIENTES EN BIENES Y SERVICIOS,Altres treballs realitzats per altres empreses i professionals,,,,32710.4,0.0,32710.4,0.0
2018.0.0.3421.0.12009,PRODUCCIÓN DE BIENES PÚBLICOS DE CARÁCTER PREFERENTE,3421,Poliesportiu Municipal,12009,GASTOS DE PERSONAL,Altres retribucions bàsiques,,,,51045.84,0.0,51045.84,10944.09
2018.0.0.3421.0.12103,PRODUCCIÓN DE BIENES PÚBLICOS DE CARÁCTER PREFERENTE,3421,Poliesportiu Municipal,12103,GASTOS DE PERSONAL,Altres retribucions complementàries,,,,78565.66,0.0,78565.66,16835.61
2018.0.0.3421.0.16000,PRODUCCIÓN DE BIENES PÚBLICOS DE CARÁCTER PREFERENTE,3421,Poliesportiu Municipal,16000,GASTOS DE PERSONAL,Seguretat Social,,,,40179.56,0.0,40179.56,6245.02
2018.0.0.3421.0.212,PRODUCCIÓN DE BIENES PÚBLICOS DE CARÁCTER PREFERENTE,3421,Poliesportiu Municipal,212,GASTOS CORRIENTES EN BIENES Y SERVICIOS,Rep mnment.conser.edificis i altres construccions,,,,469.32,0.0,469.32,376.69
2018.0.0.3421.0.213,PRODUCCIÓN DE BIENES PÚBLICOS DE CARÁCTER PREFERENTE,3421,Poliesportiu Municipal,213,GASTOS CORRIENTES EN BIENES Y SERVICIOS,"Rep mnment.conser.maquinaria, instal.técniques i utillatge",,,,3811.5,0.0,3811.5,673.73
2018.0.0.3421.0.22100,PRODUCCIÓN DE BIENES PÚBLICOS DE CARÁCTER PREFERENTE,3421,Poliesportiu Municipal,22100,GASTOS CORRIENTES EN BIENES Y SERVICIOS,Energia elèctrica,,,,46792.47,0.0,46792.47,3948.9
2018.0.0.3421.1835.632,PRODUCCIÓN DE BIENES PÚBLICOS DE CARÁCTER PREFERENTE,3421,Poliesportiu Municipal,632,INVERSIONES REALES,Inversió reposició edificios i altres construccions,,,Reparació coberta camp de futbol [subvenció Diputació],0.0,21782.91,21782.91,0.0
2018.0.0.3422.0.472,PRODUCCIÓN DE BIENES PÚBLICOS DE CARÁCTER PREFERENTE,3422,Piscina coberta,472,TRANSFERENCIAS CORRIENTES,Subvencions per a reducir el preu a pagar pels usuaris,,,,121923.83,0.0,121923.83,0.0
2018.0.0.4100.0.12009,ACTUACIONES DE CARÁCTER ECONÓMICO,4100,Consell Local Agrari,12009,GASTOS DE PERSONAL,Altres retribucions bàsiques,,,,59789.51,-2393.63,57395.88,9544.96
2018.0.0.4100.0.12103,ACTUACIONES DE CARÁCTER ECONÓMICO,4100,Consell Local Agrari,12103,GASTOS DE PERSONAL,Altres retribucions complementàries,,,,75310.49,-2107.4,73203.09,12384.6
2018.0.0.4100.0.16000,ACTUACIONES DE CARÁCTER ECONÓMICO,4100,Consell Local Agrari,16000,GASTOS DE PERSONAL,Seguretat Social,,,,41881.0,-498.98,41382.02,5460.56
2018.0.0.4100.0.22699,ACTUACIONES DE CARÁCTER ECONÓMICO,4100,Consell Local Agrari,22699,GASTOS CORRIENTES EN BIENES Y SERVICIOS,Altres despeses diverses,,,,11450.0,0.0,11450.0,411.9
2018.0.0.4140.1805.609,ACTUACIONES DE CARÁCTER ECONÓMICO,4140,Desenvolupament rural,609,INVERSIONES REALES,Altres inversions noves en infrastructures i bens destinat al ús general,,,Hort Social,12000.0,0.0,12000.0,0.0
2018.0.0.4190.0.12009,ACTUACIONES DE CARÁCTER ECONÓMICO,4190,Vedat de caça,12009,GASTOS DE PERSONAL,Altres retribucions bàsiques,,,,10079.02,0.0,10079.02,2162.79
2018.0.0.4190.0.12103,ACTUACIONES DE CARÁCTER ECONÓMICO,4190,Vedat de caça,12103,GASTOS DE PERSONAL,Altres retribucions complementàries,,,,12638.98,0.0,12638.98,2733.75
2018.0.0.4190.0.16000,ACTUACIONES DE CARÁCTER ECONÓMICO,4190,Vedat de caça,16000,GASTOS DE PERSONAL,Seguretat Social,,,,7042.58,0.0,7042.58,4528.06
2018.0.0.4300.0.12009,ACTUACIONES DE CARÁCTER ECONÓMICO,4300,Promoció Econòmica,12009,GASTOS DE PERSONAL,Altres retribucions bàsiques,,,,49336.4,0.0,49336.4,15731.25
2018.0.0.4300.0.12103,ACTUACIONES DE CARÁCTER ECONÓMICO,4300,Promoció Econòmica,12103,GASTOS DE PERSONAL,Altres retribucions complementàries,,,,54172.46,0.0,54172.46,16617.75
2018.0.0.4300.0.131,ACTUACIONES DE CARÁCTER ECONÓMICO,4300,Promoció Econòmica,131,GASTOS DE PERSONAL,Laboral temporal,,,,25543.57,0.0,25543.57,0.0
2018.0.0.4300.0.16000,ACTUACIONES DE CARÁCTER ECONÓMICO,4300,Promoció Econòmica,16000,GASTOS DE PERSONAL,Seguretat Social,,,,40517.13,0.0,40517.13,7244.64
2018.0.0.4300.0.22699,ACTUACIONES DE CARÁCTER ECONÓMICO,4300,Promoció Econòmica,22699,GASTOS CORRIENTES EN BIENES Y SERVICIOS,Altres despeses diverses,,,,17000.0,0.0,17000.0,4861.16
2018.0.0.4311.0.22699,ACTUACIONES DE CARÁCTER ECONÓMICO,4311,Fira Sant Sebastià,22699,GASTOS CORRIENTES EN BIENES Y SERVICIOS,Altres despeses diverses,,,,70000.0,0.0,70000.0,62118.25
2018.0.0.4312.0.212,ACTUACIONES DE CARÁCTER ECONÓMICO,4312,Mercat municipal,212,GASTOS CORRIENTES EN BIENES Y SERVICIOS,Rep mnment.conser.edificis i altres construccions,,,,5035.36,0.0,5035.36,0.0
2018.0.0.4312.0.22100,ACTUACIONES DE CARÁCTER ECONÓMICO,4312,Mercat municipal,22100,GASTOS CORRIENTES EN BIENES Y SERVICIOS,Energia elèctrica,,,,8501.44,0.0,8501.44,0.0
2018.0.0.4320.0.22799,ACTUACIONES DE CARÁCTER ECONÓMICO,4320,Informació i promoció turística,22799,GASTOS CORRIENTES EN BIENES Y SERVICIOS,Altres treballs realitzats per altres empreses i professionals,,,,50000.0,0.0,50000.0,0.0
2018.0.0.4500.1827.627,ACTUACIONES DE CARÁCTER ECONÓMICO,4500,"Porjectes, direcció obres i llicències",627,INVERSIONES REALES,Projectes complexos,,,"Asist. externa[dival terra], UPV, Redac proj.protec torre + intervenció arqueològic",11000.0,0.0,11000.0,8228.0
2018.0.0.4540.1806.609,ACTUACIONES DE CARÁCTER ECONÓMICO,4540,Camins rurals,609,INVERSIONES REALES,Altres inversions noves en infrastructures i bens destinat al ús general,,,Subvenció SPEE Neteja llits i fons naturals,19725.29,0.0,19725.29,12436.52
2018.0.0.4910.0.22602,ACTUACIONES DE CARÁCTER ECONÓMICO,4910,Comuniciació institucional,22602,GASTOS CORRIENTES EN BIENES Y SERVICIOS,Publicitat i propaganda,,,,9000.0,0.0,9000.0,0.0
2018.0.0.4910.0.489,ACTUACIONES DE CARÁCTER ECONÓMICO,4910,Comuniciació institucional,489,TRANSFERENCIAS CORRIENTES,Aportacions i subvencions,,,,500.0,0.0,500.0,0.0
2018.0.0.4910.0.780,ACTUACIONES DE CARÁCTER ECONÓMICO,4910,Comuniciació institucional,780,TRANSFERENCIAS DE CAPITAL,A instit. sense fi lucre,,,,3500.0,0.0,3500.0,0.0
2018.0.0.4911.0.11002,ACTUACIONES DE CARÁCTER ECONÓMICO,4911,Participació i transparència,11002,GASTOS DE PERSONAL,Altres remuneraciones personal eventual,,,,633.93,0.0,633.93,0.0
2018.0.0.4911.0.22002,ACTUACIONES DE CARÁCTER ECONÓMICO,4911,Participació i transparència,22002,GASTOS CORRIENTES EN BIENES Y SERVICIOS,Material informàtic no inventariable,,,,3000.0,0.0,3000.0,0.0
2018.0.0.4911.0.22602,ACTUACIONES DE CARÁCTER ECONÓMICO,4911,Participació i transparència,22602,GASTOS CORRIENTES EN BIENES Y SERVICIOS,Publicitat i propaganda,,,,10000.0,0.0,10000.0,50.0
2018.0.0.4911.0.22699,ACTUACIONES DE CARÁCTER ECONÓMICO,4911,Participació i transparència,22699,GASTOS CORRIENTES EN BIENES Y SERVICIOS,Altres despeses diverses,,,,9500.0,0.0,9500.0,638.72
2018.0.0.4911.0.22799,ACTUACIONES DE CARÁCTER ECONÓMICO,4911,Participació i transparència,22799,GASTOS CORRIENTES EN BIENES Y SERVICIOS,Altres treballs realitzats per altres empreses i professionals,,,,9420.0,0.0,9420.0,0.0
2018.0.0.4911.0.480,ACTUACIONES DE CARÁCTER ECONÓMICO,4911,Participació i transparència,480,TRANSFERENCIAS CORRIENTES,Ajudes indiv i atenc bene,,,,3000.0,0.0,3000.0,0.0
2018.0.0.4911.0.489,ACTUACIONES DE CARÁCTER ECONÓMICO,4911,Participació i transparència,489,TRANSFERENCIAS CORRIENTES,Aportacions i subvencions,,,,4000.0,5000.01,9000.01,0.0
2018.0.0.4920.0.216,ACTUACIONES DE CARÁCTER ECONÓMICO,4920,Administració electrònica,216,GASTOS CORRIENTES EN BIENES Y SERVICIOS,Rep mnment.conser.Equips per proces informació,,,,28193.76,0.0,28193.76,11092.35
2018.0.0.4920.0.22002,ACTUACIONES DE CARÁCTER ECONÓMICO,4920,Administració electrònica,22002,GASTOS CORRIENTES EN BIENES Y SERVICIOS,Material informàtic no inventariable,,,,5000.0,0.0,5000.0,0.0
2018.0.0.4920.0.22799,ACTUACIONES DE CARÁCTER ECONÓMICO,4920,Administració electrònica,22799,GASTOS CORRIENTES EN BIENES Y SERVICIOS,Altres treballs realitzats per altres empreses i professionals,,,,26816.68,0.0,26816.68,1901.72
2018.0.0.4920.1823.626,ACTUACIONES DE CARÁCTER ECONÓMICO,4920,Administració electrònica,626,INVERSIONES REALES,Inversió nova en equips per a procesos d'informació,,,Pla acceleració digital 2018-2020 Fase I,205400.0,0.0,205400.0,3817.11
2018.0.0.4920.1833.641,ACTUACIONES DE CARÁCTER ECONÓMICO,4920,Administració electrònica,641,INVERSIONES REALES,Despeses en aplicacions informàtiques,,,Nou programa de gestió tributària,8024.72,0.0,8024.72,1003.09
2018.0.0.4930.0.12009,ACTUACIONES DE CARÁCTER ECONÓMICO,4930,O.M.I.C.,12009,GASTOS DE PERSONAL,Altres retribucions bàsiques,,,,14138.13,0.0,14138.13,3089.58
2018.0.0.4930.0.12103,ACTUACIONES DE CARÁCTER ECONÓMICO,4930,O.M.I.C.,12103,GASTOS DE PERSONAL,Altres retribucions complementàries,,,,13727.68,0.0,13727.68,2941.65
2018.0.0.4930.0.16000,ACTUACIONES DE CARÁCTER ECONÓMICO,4930,O.M.I.C.,16000,GASTOS DE PERSONAL,Seguretat Social,,,,8638.4,0.0,8638.4,1200.56
2018.0.0.4930.0.22699,ACTUACIONES DE CARÁCTER ECONÓMICO,4930,O.M.I.C.,22699,GASTOS CORRIENTES EN BIENES Y SERVICIOS,Altres despeses diverses,,,,2500.0,0.0,2500.0,0.0
2018.0.0.9120.0.10001,ACTUACIONES DE CARÁCTER GENERAL,9120,Òrgans de govern,10001,GASTOS DE PERSONAL,Altres remuneraciones òrgans de govern,,,,127278.8,0.0,127278.8,29327.39
2018.0.0.9120.0.16000,ACTUACIONES DE CARÁCTER GENERAL,9120,Òrgans de govern,16000,GASTOS DE PERSONAL,Seguretat Social,,,,41405.86,0.0,41405.86,6806.88
2018.0.0.9120.0.22601,ACTUACIONES DE CARÁCTER GENERAL,9120,Òrgans de govern,22601,GASTOS CORRIENTES EN BIENES Y SERVICIOS,Atenciones protocolarias y representativas,,,,10075.0,0.0,10075.0,2383.2
2018.0.0.9120.0.22699,ACTUACIONES DE CARÁCTER GENERAL,9120,Òrgans de govern,22699,GASTOS CORRIENTES EN BIENES Y SERVICIOS,Altres despeses diverses,,,,0.0,0.0,0.0,1121.41
2018.0.0.9120.0.233,ACTUACIONES DE CARÁCTER GENERAL,9120,Òrgans de govern,233,GASTOS CORRIENTES EN BIENES Y SERVICIOS,Altres indemnitzacions- assistències,,,,102842.28,0.0,102842.28,31867.5
2018.0.0.9121.0.489,ACTUACIONES DE CARÁCTER GENERAL,9121,Grups Politics,489,TRANSFERENCIAS CORRIENTES,Aportacions i subvencions,,,,28200.0,0.0,28200.0,8550.0
2018.0.0.9200.0.22799,ACTUACIONES DE CARÁCTER GENERAL,9200,Serveis Generals,22799,GASTOS CORRIENTES EN BIENES Y SERVICIOS,Altres treballs realitzats per altres empreses i professionals,,,,21780.0,-9517.94,12262.06,0.0
2018.0.0.9200.0.23020,ACTUACIONES DE CARÁCTER GENERAL,9200,Serveis Generals,23020,GASTOS CORRIENTES EN BIENES Y SERVICIOS,Dietes del personal no directiu,,,,500.0,0.0,500.0,0.0
2018.0.0.9200.0.23120,ACTUACIONES DE CARÁCTER GENERAL,9200,Serveis Generals,23120,GASTOS CORRIENTES EN BIENES Y SERVICIOS,Locomoció del personal no directiu,,,,500.0,0.0,500.0,0.0
2018.0.0.9201.0.12009,ACTUACIONES DE CARÁCTER GENERAL,9201,Secretaria,12009,GASTOS DE PERSONAL,Altres retribucions bàsiques,,,,119470.19,-1549.8,117920.39,24613.34
2018.0.0.9201.0.12103,ACTUACIONES DE CARÁCTER GENERAL,9201,Secretaria,12103,GASTOS DE PERSONAL,Altres retribucions complementàries,,,,171119.03,-1814.23,169304.8,33807.82
2018.0.0.9201.0.16000,ACTUACIONES DE CARÁCTER GENERAL,9201,Secretaria,16000,GASTOS DE PERSONAL,Seguretat Social,,,,90082.67,-1042.86,89039.81,10796.4
2018.0.0.9202.0.203,ACTUACIONES DE CARÁCTER GENERAL,9202,Oficines Municipals,203,GASTOS CORRIENTES EN BIENES Y SERVICIOS,"Arrendaments de maquinaria, instalacions i utillatge",,,,10756.96,0.0,10756.96,384.34
2018.0.0.9202.0.213,ACTUACIONES DE CARÁCTER GENERAL,9202,Oficines Municipals,213,GASTOS CORRIENTES EN BIENES Y SERVICIOS,"Rep mnment.conser.maquinaria, instal.técniques i utillatge",,,,11969.39,0.0,11969.39,2993.23
2018.0.0.9202.0.22000,ACTUACIONES DE CARÁCTER GENERAL,9202,Oficines Municipals,22000,GASTOS CORRIENTES EN BIENES Y SERVICIOS,Material d'oficina ordinari no inventariable,,,,21104.0,0.0,21104.0,8993.14
2018.0.0.9202.0.22100,ACTUACIONES DE CARÁCTER GENERAL,9202,Oficines Municipals,22100,GASTOS CORRIENTES EN BIENES Y SERVICIOS,Energia elèctrica,,,,89641.95,0.0,89641.95,2134.75
2018.0.0.9202.0.22101,ACTUACIONES DE CARÁCTER GENERAL,9202,Oficines Municipals,22101,GASTOS CORRIENTES EN BIENES Y SERVICIOS,Agua,,,,0.0,0.0,0.0,451.46
2018.0.0.9202.0.22200,ACTUACIONES DE CARÁCTER GENERAL,9202,Oficines Municipals,22200,GASTOS CORRIENTES EN BIENES Y SERVICIOS,Serveis de Telecomunicacions,,,,83365.56,0.0,83365.56,8772.32
2018.0.0.9202.1814.622,ACTUACIONES DE CARÁCTER GENERAL,9202,Oficines Municipals,622,INVERSIONES REALES,Inversió nova en edificis i altres construccions,,,Adquisició portes OAC,10567.0,0.0,10567.0,0.0
2018.0.0.9203.0.202,ACTUACIONES DE CARÁCTER GENERAL,9203,Edificis Municipals,202,GASTOS CORRIENTES EN BIENES Y SERVICIOS,Arrendaments d'edificis i altres construccions,,,,23124.0,870.0,23994.0,1694.0
2018.0.0.9203.0.212,ACTUACIONES DE CARÁCTER GENERAL,9203,Edificis Municipals,212,GASTOS CORRIENTES EN BIENES Y SERVICIOS,Rep mnment.conser.edificis i altres construccions,,,,62059.8,0.0,62059.8,971.37
2018.0.0.9203.0.22799,ACTUACIONES DE CARÁCTER GENERAL,9203,Edificis Municipals,22799,GASTOS CORRIENTES EN BIENES Y SERVICIOS,Altres treballs realitzats per altres empreses i professionals,,,,423531.14,0.0,423531.14,0.0
2018.0.0.9203.1829.632,ACTUACIONES DE CARÁCTER GENERAL,9203,Edificis Municipals,632,INVERSIONES REALES,Inversió reposició edificios i altres construccions,,,Substitució articles il.luminació per LED,2870.13,0.0,2870.13,0.0
2018.0.0.9204.0.12009,ACTUACIONES DE CARÁCTER GENERAL,9204,Departament informàtica,12009,GASTOS DE PERSONAL,Altres retribucions bàsiques,,,,44113.52,0.0,44113.52,7152.75
2018.0.0.9204.0.12103,ACTUACIONES DE CARÁCTER GENERAL,9204,Departament informàtica,12103,GASTOS DE PERSONAL,Altres retribucions complementàries,,,,53461.93,0.0,53461.93,13456.41
2018.0.0.9204.0.16000,ACTUACIONES DE CARÁCTER GENERAL,9204,Departament informàtica,16000,GASTOS DE PERSONAL,Seguretat Social,,,,30248.39,0.0,30248.39,1179.44
2018.0.0.9205.0.22799,ACTUACIONES DE CARÁCTER GENERAL,9205,Asses. i defensa lletrada,22799,GASTOS CORRIENTES EN BIENES Y SERVICIOS,Altres treballs realitzats per altres empreses i professionals,,,,24843.72,0.0,24843.72,2070.31
2018.0.0.9206.0.224,ACTUACIONES DE CARÁCTER GENERAL,9206,Bens Municipals,224,GASTOS CORRIENTES EN BIENES Y SERVICIOS,Primes de segurs,,,,38640.04,0.0,38640.04,20114.22
2018.0.0.9207.0.22699,ACTUACIONES DE CARÁCTER GENERAL,9207,Jutjat,22699,GASTOS CORRIENTES EN BIENES Y SERVICIOS,Altres despeses diverses,,,,2500.0,0.0,2500.0,63.44
2018.0.0.9209.0.12009,ACTUACIONES DE CARÁCTER GENERAL,9209,Departament de Personal,12009,GASTOS DE PERSONAL,Altres retribucions bàsiques,,,,60864.43,-1447.29,59417.14,8579.94
2018.0.0.9209.0.12103,ACTUACIONES DE CARÁCTER GENERAL,9209,Departament de Personal,12103,GASTOS DE PERSONAL,Altres retribucions complementàries,,,,77442.66,-2159.82,75282.84,10880.3
2018.0.0.9209.0.16000,ACTUACIONES DE CARÁCTER GENERAL,9209,Departament de Personal,16000,GASTOS DE PERSONAL,Seguretat Social,,,,42875.2,-1118.21,41756.99,3750.15
2018.0.0.9250.0.12009,ACTUACIONES DE CARÁCTER GENERAL,9250,Atenció ciutadà,12009,GASTOS DE PERSONAL,Altres retribucions bàsiques,,,,51741.3,0.0,51741.3,9319.41
2018.0.0.9250.0.12103,ACTUACIONES DE CARÁCTER GENERAL,9250,Atenció ciutadà,12103,GASTOS DE PERSONAL,Altres retribucions complementàries,,,,67402.24,0.0,67402.24,11995.02
2018.0.0.9250.0.13002,ACTUACIONES DE CARÁCTER GENERAL,9250,Atenció ciutadà,13002,GASTOS DE PERSONAL,Altres retribucions personal laborar fix,,,,17921.12,0.0,17921.12,3672.38
2018.0.0.9250.0.16000,ACTUACIONES DE CARÁCTER GENERAL,9250,Atenció ciutadà,16000,GASTOS DE PERSONAL,Seguretat Social,,,,42490.05,0.0,42490.05,5273.11
2018.0.0.9290.0.500,ACTUACIONES DE CARÁCTER GENERAL,9290,Imprevistos i funcions no clasificades,500,Fondo de Contingencia y Otros Imprevistos,"Fondo de Contingencia de Ejecución Presupuestaria. Artículo 31 Ley Orgánica 2/2012, de Estabilidad Presupuestaria y Sostenibilidad Financiera",,,,381.71,-381.71,0.0,0.0
2018.0.0.9292.0.12009,ACTUACIONES DE CARÁCTER GENERAL,9292,Taller,12009,GASTOS DE PERSONAL,Altres retribucions bàsiques,,,,16380.17,0.0,16380.17,3357.0
2018.0.0.9292.0.12103,ACTUACIONES DE CARÁCTER GENERAL,9292,Taller,12103,GASTOS DE PERSONAL,Altres retribucions complementàries,,,,21671.67,0.0,21671.67,3633.42
2018.0.0.9292.0.16000,ACTUACIONES DE CARÁCTER GENERAL,9292,Taller,16000,GASTOS DE PERSONAL,Seguretat Social,,,,11796.07,0.0,11796.07,1704.48
2018.0.0.9292.0.22699,ACTUACIONES DE CARÁCTER GENERAL,9292,Taller,22699,GASTOS CORRIENTES EN BIENES Y SERVICIOS,Altres despeses diverses,,,,5500.0,0.0,5500.0,0.0
2018.0.0.9310.0.12009,ACTUACIONES DE CARÁCTER GENERAL,9310,Àrea Econòmica,12009,GASTOS DE PERSONAL,Altres retribucions bàsiques,,,,175677.81,0.0,175677.81,33197.94
2018.0.0.9310.0.12103,ACTUACIONES DE CARÁCTER GENERAL,9310,Àrea Econòmica,12103,GASTOS DE PERSONAL,Altres retribucions complementàries,,,,259491.95,0.0,259491.95,50713.31
2018.0.0.9310.0.16000,ACTUACIONES DE CARÁCTER GENERAL,9310,Àrea Econòmica,16000,GASTOS DE PERSONAL,Seguretat Social,,,,134902.63,0.0,134902.63,13423.36
2018.0.0.9310.0.22799,ACTUACIONES DE CARÁCTER GENERAL,9310,Àrea Econòmica,22799,GASTOS CORRIENTES EN BIENES Y SERVICIOS,Altres treballs realitzats per altres empreses i professionals,,,,2087.86,0.0,2087.86,0.0
2018.0.0.9320.0.22799,ACTUACIONES DE CARÁCTER GENERAL,9320,Recaptació Tributs,22799,GASTOS CORRIENTES EN BIENES Y SERVICIOS,Altres treballs realitzats per altres empreses i professionals,,,,163041.96,0.0,163041.96,37382.81
2018.0.0.9330.1830.632,ACTUACIONES DE CARÁCTER GENERAL,9330,Gestión del patrimonio,632,INVERSIONES REALES,Inversió reposició edificios i altres construccions,,,Fase final habilitació local biblioteca pública,16832.78,0.0,16832.78,0.0
2018.0.0.9340.0.352,ACTUACIONES DE CARÁCTER GENERAL,9340,Entitas financeres,352,GASTOS FINANCIEROS,Intereses de demora,,,,0.0,14098.22,14098.22,14598.22
2018.0.0.9340.0.359,ACTUACIONES DE CARÁCTER GENERAL,9340,Entitas financeres,359,GASTOS FINANCIEROS,Altres despeses financeres,,,,500.0,1074.94,1574.94,655.98
2018.0.0.9420.0.466,ACTUACIONES DE CARÁCTER GENERAL,9420,Transferencias a Entidades Locales territoriales,466,TRANSFERENCIAS CORRIENTES,A altres entitats que agrupen municipis,,,,6776.37,0.0,6776.37,5470.29
2018.0.0.9430.0.463,ACTUACIONES DE CARÁCTER GENERAL,9430,Transf. altres Ent. Local,463,TRANSFERENCIAS CORRIENTES,A Mancomunidades,,,,24834.7,0.0,24834.7,0.0
2018.1.0.1320.1001.632,SERVICIOS PÚBLICOS BÁSICOS,1320,Seguretat i orgre públic,632,INVERSIONES REALES,Inversió reposició edificios i altres construccions,,,REHAB. CASSETES AGROCROS,0.0,4008.4,4008.4,0.0
2018.1.0.1510.1620.627,SERVICIOS PÚBLICOS BÁSICOS,1510,Urbanisme,627,INVERSIONES REALES,Projectes complexos,,,Habilitació local Parc de l'Alteró [PPOS 2016],0.0,27870.61,27870.61,27870.61
2018.1.0.1510.1721.627,SERVICIOS PÚBLICOS BÁSICOS,1510,Urbanisme,627,INVERSIONES REALES,Projectes complexos,,,Reurbanització av. Alacant [PPOS 2017],0.0,176957.83,176957.83,0.0
2018.1.0.1531.1607.624,SERVICIOS PÚBLICOS BÁSICOS,1531,Obres,624,INVERSIONES REALES,Elementos de transporte,,,Vehicles Oficina Tècnica [prèstec 2016],0.0,8736.6,8736.6,0.0
2018.1.0.1532.0006.619,SERVICIOS PÚBLICOS BÁSICOS,1532,Vies públiques,619,INVERSIONES REALES,Otras inversiones de reposición en infraestructuras y bienes destinados al uso general,,,Urb. Av. Xuquer [pluvials,0.0,24582.75,24582.75,0.0
2018.1.0.1532.005.609,SERVICIOS PÚBLICOS BÁSICOS,1532,Vies públiques,609,INVERSIONES REALES,Altres inversions noves en infrastructures i bens destinat al ús general,,,Urbanit. Espioca [pluvial,0.0,25519.68,25519.68,0.0
2018.1.0.1532.0238.609,SERVICIOS PÚBLICOS BÁSICOS,1532,Vies públiques,609,INVERSIONES REALES,Altres inversions noves en infrastructures i bens destinat al ús general,,,Molí Magallo,0.0,93156.88,93156.88,0.0
2018.1.0.1532.0415.609,SERVICIOS PÚBLICOS BÁSICOS,1532,Vies públiques,609,INVERSIONES REALES,Altres inversions noves en infrastructures i bens destinat al ús general,,,Urbanitzacio Pla Bega,0.0,125179.12,125179.12,0.0
2018.1.0.1532.0630.609,SERVICIOS PÚBLICOS BÁSICOS,1532,Vies públiques,609,INVERSIONES REALES,Altres inversions noves en infrastructures i bens destinat al ús general,,,U.E. Maset,0.0,2782.36,2782.36,0.0
2018.1.0.1532.0.770,SERVICIOS PÚBLICOS BÁSICOS,1532,Vies públiques,770,TRANSFERENCIAS DE CAPITAL,A Empresses Pivades,,,,0.0,11680.91,11680.91,0.0
2018.1.0.1532.0917.623,SERVICIOS PÚBLICOS BÁSICOS,1532,Vies públiques,623,INVERSIONES REALES,"Inversió nova en maquinaria, instalacions técniques i utillatge",,,ADQUISICIO MATERIAL OBRES,0.0,288.92,288.92,0.0
2018.1.0.1532.1708.619,SERVICIOS PÚBLICOS BÁSICOS,1532,Vies públiques,619,INVERSIONES REALES,Otras inversiones de reposición en infraestructuras y bienes destinados al uso general,,,Restauració murs tunnel Av. País Valencià [IFS 2017],0.0,8400.0,8400.0,0.0
2018.1.0.2318.1711.12009,ACTUACIONES DE PROTECCIÓN Y PROMOCIÓN SOCIAL,2318,Educador de Carrer,12009,GASTOS DE PERSONAL,Altres retribucions bàsiques,,,Programa Ebro Foods 2017,0.0,7473.34,7473.34,911.82
2018.1.0.2318.1711.12103,ACTUACIONES DE PROTECCIÓN Y PROMOCIÓN SOCIAL,2318,Educador de Carrer,12103,GASTOS DE PERSONAL,Altres retribucions complementàries,,,Programa Ebro Foods 2017,0.0,4052.81,4052.81,712.5
2018.1.0.2318.1711.16000,ACTUACIONES DE PROTECCIÓN Y PROMOCIÓN SOCIAL,2318,Educador de Carrer,16000,GASTOS DE PERSONAL,Seguretat Social,,,Programa Ebro Foods 2017,0.0,3635.86,3635.86,339.48
2018.1.0.2318.1711.22699,ACTUACIONES DE PROTECCIÓN Y PROMOCIÓN SOCIAL,2318,Educador de Carrer,22699,GASTOS CORRIENTES EN BIENES Y SERVICIOS,Altres despeses diverses,,,Programa Ebro Foods 2017,0.0,3099.43,3099.43,0.0
2018.1.0.2411.0623.632,ACTUACIONES DE PROTECCIÓN Y PROMOCIÓN SOCIAL,2411,Promoció de l'ocupació,632,INVERSIONES REALES,Inversió reposició edificios i altres construccions,,,Escola Taller-centre form,0.0,470.0,470.0,0.0
2018.1.0.2411.1704.131,ACTUACIONES DE PROTECCIÓN Y PROMOCIÓN SOCIAL,2411,Promoció de l'ocupació,131,GASTOS DE PERSONAL,Laboral temporal,,,Garantía juvenil joves qualificatats-EMCUJU/2017/399/46,0.0,126066.77,126066.77,32156.9
2018.1.0.2411.1704.16000,ACTUACIONES DE PROTECCIÓN Y PROMOCIÓN SOCIAL,2411,Promoció de l'ocupació,16000,GASTOS DE PERSONAL,Seguretat Social,,,Garantía juvenil joves qualificatats-EMCUJU/2017/399/46,0.0,2044.95,2044.95,7066.08
2018.1.0.2411.1705.131,ACTUACIONES DE PROTECCIÓN Y PROMOCIÓN SOCIAL,2411,Promoció de l'ocupació,131,GASTOS DE PERSONAL,Laboral temporal,,,Garantia juvenil joves no qualificats-EMPUJU/2017/221/46,0.0,266633.63,266633.63,80958.56
2018.1.0.2411.1705.16000,ACTUACIONES DE PROTECCIÓN Y PROMOCIÓN SOCIAL,2411,Promoció de l'ocupació,16000,GASTOS DE PERSONAL,Seguretat Social,,,Garantia juvenil joves no qualificats-EMPUJU/2017/221/46,0.0,2395.08,2395.08,17895.47
2018.1.0.2411.1715.131,ACTUACIONES DE PROTECCIÓN Y PROMOCIÓN SOCIAL,2411,Promoció de l'ocupació,131,GASTOS DE PERSONAL,Laboral temporal,,,Contractació persones desocupades llarga duració EMCORD/2017/294/46,0.0,115647.53,115647.53,60480.05
2018.1.0.2411.1715.16000,ACTUACIONES DE PROTECCIÓN Y PROMOCIÓN SOCIAL,2411,Promoció de l'ocupació,16000,GASTOS DE PERSONAL,Seguretat Social,,,Contractació persones desocupades llarga duració EMCORD/2017/294/46,0.0,38038.99,38038.99,11629.98
2018.1.0.2411.1716.224,ACTUACIONES DE PROTECCIÓN Y PROMOCIÓN SOCIAL,2411,Promoció de l'ocupació,224,GASTOS CORRIENTES EN BIENES Y SERVICIOS,Primes de segurs,,,Anglès. Gestió comercial FME99/2017/4/46,0.0,207.58,207.58,207.58
2018.1.0.2411.1717.224,ACTUACIONES DE PROTECCIÓN Y PROMOCIÓN SOCIAL,2411,Promoció de l'ocupació,224,GASTOS CORRIENTES EN BIENES Y SERVICIOS,Primes de segurs,,,Accions d'orientació laboral persones desocupades ILPLD/2017/46/46,0.0,450.0,450.0,450.0
2018.1.0.3262.1701.481,PRODUCCIÓN DE BIENES PÚBLICOS DE CARÁCTER PREFERENTE,3262,Programa suport a l'educació,481,TRANSFERENCIAS CORRIENTES,Premis i Beques,,,"Pactiques formatives modalitat Post-Transparencia, participació i bon govern",0.0,2266.67,2266.67,2180.68
2018.1.0.3265.0240.780,PRODUCCIÓN DE BIENES PÚBLICOS DE CARÁCTER PREFERENTE,3265,OOAA Conservatori Música,780,TRANSFERENCIAS DE CAPITAL,A instit. sense fi lucre,,,Remodelación Casa Cultura,0.0,6.01,6.01,0.0
2018.1.0.3340.0.780,PRODUCCIÓN DE BIENES PÚBLICOS DE CARÁCTER PREFERENTE,3340,Ponència de Cultura,780,TRANSFERENCIAS DE CAPITAL,A instit. sense fi lucre,,,,0.0,50.0,50.0,0.0
2018.1.0.3421.0611.622,PRODUCCIÓN DE BIENES PÚBLICOS DE CARÁCTER PREFERENTE,3421,Poliesportiu Municipal,622,INVERSIONES REALES,Inversió nova en edificis i altres construccions,,,Dot. esport. municipals,0.0,41350.5,41350.5,0.0
2018.1.0.3422.0501.600,PRODUCCIÓN DE BIENES PÚBLICOS DE CARÁCTER PREFERENTE,3422,Piscina coberta,600,INVERSIONES REALES,Inversiones en terrenos,,,Honoraris i urb.Piscina,0.0,169172.76,169172.76,0.0
2018.1.0.4121.1020.609,ACTUACIONES DE CARÁCTER ECONÓMICO,4121,Millora Medi Natural,609,INVERSIONES REALES,Altres inversions noves en infrastructures i bens destinat al ús general,,,CASA FIGUERO,0.0,59696.39,59696.39,0.0
2018.1.0.4190.0.12009,ACTUACIONES DE CARÁCTER ECONÓMICO,4190,Vedat de caça,12009,GASTOS DE PERSONAL,Altres retribucions bàsiques,,,,0.0,219.89,219.89,0.0
2018.1.0.4190.0.12103,ACTUACIONES DE CARÁCTER ECONÓMICO,4190,Vedat de caça,12103,GASTOS DE PERSONAL,Altres retribucions complementàries,,,,0.0,3.91,3.91,0.0
2018.1.0.4190.0.131,ACTUACIONES DE CARÁCTER ECONÓMICO,4190,Vedat de caça,131,GASTOS DE PERSONAL,Laboral temporal,,,,0.0,24298.96,24298.96,10726.83
2018.1.0.4190.0.16000,ACTUACIONES DE CARÁCTER ECONÓMICO,4190,Vedat de caça,16000,GASTOS DE PERSONAL,Seguretat Social,,,,0.0,7652.3,7652.3,0.0
2018.1.0.4190.0.22699,ACTUACIONES DE CARÁCTER ECONÓMICO,4190,Vedat de caça,22699,GASTOS CORRIENTES EN BIENES Y SERVICIOS,Altres despeses diverses,,,,0.0,186.88,186.88,0.0
2018.1.0.4190.0.600,ACTUACIONES DE CARÁCTER ECONÓMICO,4190,Vedat de caça,600,INVERSIONES REALES,Inversiones en terrenos,,,,0.0,832.5,832.5,0.0
2018.1.0.4500.1021.627,ACTUACIONES DE CARÁCTER ECONÓMICO,4500,"Porjectes, direcció obres i llicències",627,INVERSIONES REALES,Projectes complexos,,,PROJ. DIREC. OBRES I LLIC,0.0,1708.67,1708.67,0.0
2018.1.0.4520.0508.609,ACTUACIONES DE CARÁCTER ECONÓMICO,4520,Recursos Hidràulics,609,INVERSIONES REALES,Altres inversions noves en infrastructures i bens destinat al ús general,,,Invers.xarxa aigües pluv.,0.0,104705.75,104705.75,0.0
2018.1.0.4540.1022.609,ACTUACIONES DE CARÁCTER ECONÓMICO,4540,Camins rurals,609,INVERSIONES REALES,Altres inversions noves en infrastructures i bens destinat al ús general,,,CAMINS RURALS,0.0,3907.62,3907.62,0.0
2018.1.0.4540.1722.609,ACTUACIONES DE CARÁCTER ECONÓMICO,4540,Camins rurals,609,INVERSIONES REALES,Altres inversions noves en infrastructures i bens destinat al ús general,,,Neteja de llits i fons naturals 2017,0.0,17722.58,17722.58,2768.58
2018.1.0.4920.1710.641,ACTUACIONES DE CARÁCTER ECONÓMICO,4920,Administració electrònica,641,INVERSIONES REALES,Despeses en aplicacions informàtiques,,,Adquisició Programa Presto [IFS 2017],0.0,5780.65,5780.65,5780.65
2018.1.0.9202.1604.623,ACTUACIONES DE CARÁCTER GENERAL,9202,Oficines Municipals,623,INVERSIONES REALES,"Inversió nova en maquinaria, instalacions técniques i utillatge",,,Instal.lacions tècniques Ajuntament [prèstec 2016],0.0,6260.62,6260.62,0.0
2018.1.0.9202.1609.632,ACTUACIONES DE CARÁCTER GENERAL,9202,Oficines Municipals,632,INVERSIONES REALES,Inversió reposició edificios i altres construccions,,,Adequació oficines municipals [prèstec 2016],0.0,2761.49,2761.49,0.0
2018.1.0.9203.1608.623,ACTUACIONES DE CARÁCTER GENERAL,9203,Edificis Municipals,623,INVERSIONES REALES,"Inversió nova en maquinaria, instalacions técniques i utillatge",,,Instal.lacions joventut [prèstec 2016],0.0,12000.0,12000.0,0.0
2018.1.0.9330.1601.632,ACTUACIONES DE CARÁCTER GENERAL,9330,Gestión del patrimonio,632,INVERSIONES REALES,Inversió reposició edificios i altres construccions,,,REPARACIO OBRES LOCALS CIVICS [EXEC. AVAL ADESVAL],0.0,7177.96,7177.96,0.0
2018.1.0.9330.1706.632,ACTUACIONES DE CARÁCTER GENERAL,9330,Gestión del patrimonio,632,INVERSIONES REALES,Inversió reposició edificios i altres construccions,,,Rehabilitació edifici venta de sant roc [IFS 2017],0.0,13942.0,13942.0,9386.48
2018.1.0.9330.1707.632,ACTUACIONES DE CARÁCTER GENERAL,9330,Gestión del patrimonio,632,INVERSIONES REALES,Inversió reposició edificios i altres construccions,,,Reabilitació 2ª planta edifici Les Monges-Gabinet Psicop.[IFS 2017],0.0,13676.89,13676.89,3634.62
2018.1.0.9330.1709.632,ACTUACIONES DE CARÁCTER GENERAL,9330,Gestión del patrimonio,632,INVERSIONES REALES,Inversió reposició edificios i altres construccions,,,Reforma edifici central Ajuntament [IFS 2017],0.0,74539.54,74539.54,0.0
#,,,,,,,,,,,2444599.65,15480289.95,2463361.04
