#Aplicación presupuestaria,Programa,Económico,Desc. programa,Descripción Económico,Proyecto,Desc. proyecto,Consig. inicial,Modificaciones,Consig. definit.,Obl. recon. (O)
2014.0.0.0112.0.310,0112,310,Entitats Financeres,Interessos prèstecs,,,410038.83,-35000.0,375038.83,375038.83
2014.0.0.0112.0.913,0112,913,Entitats Financeres,Amortitzacio prèstecs,,,1089686.15,336084.18,1425770.33,1425770.33
2014.0.0.1320.0.120,1320,120,Seguretat i orgre públic,Retribucions bàsiques,,,430781.84,,430781.84,416987.45
2014.0.0.1320.0.121,1320,121,Seguretat i orgre públic,Retribucions complementar,,,744380.55,,744380.55,721414.91
2014.0.0.1320.0.150,1320,150,Seguretat i orgre públic,Complement Productivitat,,,35000.0,13803.35,48803.35,63246.18
2014.0.0.1320.0.160,1320,160,Seguretat i orgre públic,Quotes socials,,,375150.34,20535.52,395685.86,352423.36
2014.0.0.1320.0.204,1320,204,Seguretat i orgre públic,Arrendament vehicles,,,43836.76,,43836.76,40282.45
2014.0.0.1320.0.213,1320,213,Seguretat i orgre públic,Rep.mment i cons.Maquinar,,,600.0,,600.0,2747.99
2014.0.0.1320.0.214,1320,214,Seguretat i orgre públic,Rep.mment i cons. vehicle,,,1530.0,,1530.0,1068.66
2014.0.0.1320.0.221,1320,221,Seguretat i orgre públic,Subministres,,,18000.0,7005.83,25005.83,22663.18
2014.0.0.1320.0.230,1320,230,Seguretat i orgre públic,Dietes,,,,,,1895.5
2014.0.0.1320.0.231,1320,231,Seguretat i orgre públic,Despeses locomoció,,,,,,1941.8
2014.1.0.1320.1001.632,1320,632,Seguretat i orgre públic,Inv. repos.Edificis i con,1001,REHAB. CASSETES AGROCROS,,4008.4,4008.4,
2014.0.0.1330.0.219,1330,219,Control del trànsit,Rep.mment cons.altre Immo,,,10000.0,-2265.87,7734.13,7734.13
2014.0.0.1330.0.221,1330,221,Control del trànsit,Subministres,,,5000.0,-747.95,4252.05,3920.85
2014.0.0.1331.0.202,1331,202,Recollida de vehicles,Arrendament edifici,,,3105.0,-3105.0,,
2014.0.0.1331.0.227,1331,227,Recollida de vehicles,Treb.real.altres empreses,,,50000.0,-26603.44,23396.56,23396.56
2014.0.0.1510.0.120,1510,120,Urbanisme,Retribucions bàsiques,,,86479.14,-15047.84,71431.3,71771.64
2014.0.0.1510.0.121,1510,121,Urbanisme,Retribucions complementar,,,116896.36,-17800.88,99095.48,99095.48
2014.0.0.1510.0.160,1510,160,Urbanisme,Quotes socials,,,63046.41,-8255.04,54791.37,51908.8
2014.0.0.1510.0.226,1510,226,Urbanisme,Despeses diverses,,,3000.0,-2902.55,97.45,97.45
2014.0.0.1510.0.227,1510,227,Urbanisme,Treb.real.altres empreses,,,1500.0,-1500.0,,
2014.0.0.1510.0.626,1510,626,Urbanisme,Inv. nova Equips informat,,,,7858.34,7858.34,7727.38
2014.0.0.1550.0.120,1550,120,Vies Públiques,Retribucions bàsiques,,,9822.0,,9822.0,
2014.0.0.1550.0.121,1550,121,Vies Públiques,Retribucions complementar,,,10825.08,,10825.08,
2014.0.0.1550.0.130,1550,130,Vies Públiques,Personal laboral fix,,,,,,20656.09
2014.0.0.1550.0.160,1550,160,Vies Públiques,Quotes socials,,,6400.59,1215.72,7616.31,7607.3
2014.0.0.1550.0.210,1550,210,Vies Públiques,Rep mment.conser.Infrastr,,,1000.0,16191.76,17191.76,11512.02
2014.0.0.1550.0.213,1550,213,Vies Públiques,Rep.mment i cons.Maquinar,,,10000.0,5782.28,15782.28,15925.47
2014.0.0.1550.0.214,1550,214,Vies Públiques,Rep.mment i cons. vehicle,,,3000.0,145.2,3145.2,6219.96
2014.1.0.1550.005.602,1550,602,Vies Públiques,Inversio nova en infraest,005,Urbanit. Espioca [pluvial,,25519.68,25519.68,
2014.1.0.1550.0238.603,1550,603,Vies Públiques,Inversio nova en infraest,0238,Molí Magallo,,93156.88,93156.88,
2014.1.0.1550.0630.606,1550,606,Vies Públiques,Inversió nova en Infraest,0630,U.E. Maset,,2782.36,2782.36,
2014.1.0.1550.0415.608,1550,608,Vies Públiques,Altres inversions noves,0415,Urbanitzacio Pla Bega,,125179.12,125179.12,
2014.1.0.1550.1005.611,1550,611,Vies Públiques,Inversio reposicio infrae,1005,MOBILIARI URBA I SENYALS,,7566.52,7566.52,
2014.1.0.1550.1310.611,1550,611,Vies Públiques,Inversio reposicio infrae,1310,Reparac carrers PPOS13,,2451.57,2451.57,2451.57
2014.0.0.1550.1403.612,1550,612,Vies Públiques,Inv. rep infrastructures,1403,Mill.Espai pub.PPOS532/14,,210160.0,210160.0,
2014.1.0.1550.0006.612,1550,612,Vies Públiques,Inv. rep infrastructures,0006,Urb. Av. Xuquer [pluvials,,24582.75,24582.75,
2014.1.0.1550.0917.623,1550,623,Vies Públiques,Inv. nova maquinar. intst,0917,ADQUISICIO MATERIAL OBRES,,288.92,288.92,
2014.1.0.1550.0.770,1550,770,Vies Públiques,A Empresses Pivades,,,,11680.91,11680.91,
2014.0.0.1551.0.120,1551,120,Obres,Retribucions bàsiques,,,60390.84,-18818.91,41571.93,21232.94
2014.0.0.1551.0.121,1551,121,Obres,Retribucions complementar,,,67697.88,-55067.08,12630.8,25121.06
2014.0.0.1551.0.130,1551,130,Obres,Personal laboral fix,,,,,,19783.82
2014.0.0.1551.0.131,1551,131,Obres,Personal Laboral eventual,,,19453.92,,19453.92,19704.16
2014.0.0.1551.0.160,1551,160,Obres,Quotes socials,,,46127.29,,46127.29,27023.19
2014.0.0.1551.0.221,1551,221,Obres,Subministres,,,15300.0,-512.66,14787.34,12771.16
2014.0.0.1551.1407.601,1551,601,Obres,Inversió nova en infraest,1407,"CONDIC VEGA,ALERO.PAP278",,58000.0,58000.0,
2014.0.0.1610.0.120,1610,120,Servei d'Aigua Potable,Retribucions bàsiques,,,22073.64,-1641.37,20432.27,20842.87
2014.0.0.1610.0.121,1610,121,Servei d'Aigua Potable,Retribucions complementar,,,27138.16,-2192.15,24946.01,24406.5
2014.0.0.1610.0.160,1610,160,Servei d'Aigua Potable,Quotes socials,,,15255.66,-5.64,15250.02,14858.69
2014.0.0.1611.0.210,1611,210,Clavegueram i Vessam.Aigu,Rep mment.conser.Infrastr,,,1000.0,-907.33,92.67,92.67
2014.0.0.1620.0.227,1620,227,Recollida Fem i Net.viari,Treb.real.altres empreses,,,720000.0,15974.7,735974.7,735974.7
2014.0.0.1640.0.120,1640,120,Cementeri Municipal,Retribucions bàsiques,,,17507.94,4616.98,22124.92,19238.48
2014.0.0.1640.0.121,1640,121,Cementeri Municipal,Retribucions complementar,,,23673.72,1430.4,25104.12,27258.42
2014.0.0.1640.0.151,1640,151,Cementeri Municipal,Gratificacions,,,,220.15,220.15,220.15
2014.0.0.1640.0.160,1640,160,Cementeri Municipal,Quotes socials,,,12766.31,1391.29,14157.6,11208.01
2014.0.0.1640.0.212,1640,212,Cementeri Municipal,Rep.mment.i cons.edificis,,,2000.0,2540.85,4540.85,5635.45
2014.0.0.1640.0.221,1640,221,Cementeri Municipal,Subministres,,,2319.52,1684.72,4004.24,2909.64
2014.0.0.1640.1402.602,1640,602,Cementeri Municipal,Inversio nova en infraest,1402,NINXOLS PPOS 2014/531,,31008.64,31008.64,26307.76
2014.1.0.1640.0708.611,1640,611,Cementeri Municipal,Inversio reposicio infrae,0708,Inversions Cementeri,,7835.91,7835.91,
2014.0.0.1650.0.120,1650,120,Enllumenat Públic,Retribucions bàsiques,,,41069.8,-5590.62,35479.18,32294.41
2014.0.0.1650.0.121,1650,121,Enllumenat Públic,Retribucions complementar,,,62269.96,-11229.66,51040.3,51133.01
2014.0.0.1650.0.160,1650,160,Enllumenat Públic,Quotes socials,,,32035.33,-4484.46,27550.87,25204.19
2014.0.0.1650.0.210,1650,210,Enllumenat Públic,Rep mment.conser.Infrastr,,,5000.0,-2922.73,2077.27,2077.27
2014.0.0.1650.0.213,1650,213,Enllumenat Públic,Rep.mment i cons.Maquinar,,,10000.0,-8956.22,1043.78,1043.78
2014.0.0.1650.0.221,1650,221,Enllumenat Públic,Subministres,,,200000.0,-6567.85,193432.15,193318.7
2014.1.0.1650.1314.611,1650,611,Enllumenat Públic,Inversio reposicio infrae,1314,Conveni Efici.Energet DIP,,239875.48,239875.48,239875.48
2014.0.0.1700.0.120,1700,120,Medi ambient,Retribucions bàsiques,,,18628.26,,18628.26,19192.68
2014.0.0.1700.0.121,1700,121,Medi ambient,Retribucions complementar,,,25164.3,,25164.3,25164.3
2014.0.0.1700.0.160,1700,160,Medi ambient,Quotes socials,,,13575.69,739.4,14315.09,11157.89
2014.0.0.1710.0.120,1710,120,Parcs i Jardins,Retribucions bàsiques,,,30244.12,-13803.35,16440.77,17646.03
2014.0.0.1710.0.121,1710,121,Parcs i Jardins,Retribucions complementar,,,35020.58,-20000.0,15020.58,20335.16
2014.0.0.1710.0.160,1710,160,Parcs i Jardins,Quotes socials,,,20232.06,-1361.85,18870.21,8531.42
2014.0.0.1710.0.210,1710,210,Parcs i Jardins,Rep mment.conser.Infrastr,,,87292.04,,87292.04,88199.62
2014.0.0.1710.0.221,1710,221,Parcs i Jardins,Subministres,,,2000.0,1336.37,3336.37,811.56
2014.0.0.1710.0.226,1710,226,Parcs i Jardins,Despeses diverses,,,8000.0,2500.0,10500.0,8713.14
2014.0.0.1720.0.226,1720,226,Protec. millora medi ambi,Despeses diverses,,,3000.0,733.91,3733.91,3477.95
2014.0.0.2210.0.163,2210,163,Personal actiu,Despes. soc.-Prev riscos,,,10596.99,2068.0,12664.99,12657.0
2014.0.0.2210.0.227,2210,227,Personal actiu,Treb.real.altres empreses,,,,2296.91,2296.91,2099.65
2014.0.0.2211.0.162,2211,162,Segur. protec. i prom.soc,Despeses socials,,,6106.11,,6106.11,1035.0
2014.0.0.2300.0.120,2300,120,Assitència Social,Retribucions bàsiques,,,56758.88,3013.89,59772.77,49776.66
2014.0.0.2300.0.121,2300,121,Assitència Social,Retribucions complementar,,,65608.97,,65608.97,55604.87
2014.0.0.2300.0.130,2300,130,Assitència Social,Personal laboral fix,,,,5045.25,5045.25,30128.57
2014.0.0.2300.0.131,2300,131,Assitència Social,Personal Laboral eventual,,,,3786.72,3786.72,
2014.0.0.2300.0.160,2300,160,Assitència Social,Quotes socials,,,37934.03,2898.83,40832.86,37429.87
2014.0.0.2300.0.226,2300,226,Assitència Social,Despeses diverses,,,1000.0,-1000.0,,
2014.0.0.2311.0.480,2311,480,Acció Social,Ajudes indiv i atenc bene,,,40000.0,,40000.0,29231.0
2014.0.0.2311.0.489,2311,489,Acció Social,Aportacions i subvencions,,,5000.0,6000.0,11000.0,20000.0
2014.0.0.2317.0.480,2317,480,Menjador social,Ajudes indiv i atenc bene,,,3600.0,,3600.0,
2014.0.0.2320.0.226,2320,226,Departament de la Dona,Despeses diverses,,,1000.0,-1000.0,,
2014.0.0.2321.0.202,2321,202,Centre dia per a menors,Arrendament edifici,,,8600.0,-1600.0,7000.0,6217.92
2014.0.0.2321.0.226,2321,226,Centre dia per a menors,Despeses diverses,,,3000.0,,3000.0,1776.01
2014.0.0.2322.0.120,2322,120,Educador de Carrer,Retribucions bàsiques,,,16182.1,,16182.1,16650.04
2014.0.0.2322.0.121,2322,121,Educador de Carrer,Retribucions complementar,,,17705.66,,17705.66,17705.66
2014.0.0.2322.0.130,2322,130,Educador de Carrer,Personal laboral fix,,,18274.93,,18274.93,16553.02
2014.0.0.2322.0.131,2322,131,Educador de Carrer,Personal Laboral eventual,,,58565.01,3819.39,62384.4,62659.56
2014.0.0.2322.0.160,2322,160,Educador de Carrer,Quotes socials,,,35496.89,3922.34,39419.23,35237.26
2014.0.0.2322.0.226,2322,226,Educador de Carrer,Despeses diverses,,,2000.0,412.0,2412.0,2412.0
2014.0.0.2323.0.226,2323,226,Prevenció Drogodependenc.,Despeses diverses,,,3000.0,-3000.0,,
2014.0.0.2324.0.226,2324,226,Pau i Solidaritat:Immigra,Despeses diverses,,,1000.0,-1000.0,,
2014.0.0.2330.0.227,2330,227,Asistència domiciliaria,Treb.real.altres empreses,,,18000.0,-2480.0,15520.0,9313.94
2014.0.0.2331.0.120,2331,120,Ajuda a la dependència,Retribucions bàsiques,,,,,,13585.79
2014.0.0.2331.0.121,2331,121,Ajuda a la dependència,Retribucions complementar,,,,,,11223.87
2014.0.0.2331.0.131,2331,131,Ajuda a la dependència,Personal Laboral eventual,,,36898.86,-4981.43,31917.43,
2014.0.0.2331.0.160,2331,160,Ajuda a la dependència,Quotes socials,,,11713.97,,11713.97,7655.86
2014.0.0.2410.1316.226,2410,226,Escoles Taller,Despeses diverses,1316,NETEJA SUP.I MOB.FME99/13,,2912.93,2912.93,2741.85
2014.0.0.2411.1410.120,2411,120,Promoció de l'ocupació,Retribucions bàsiques,1410,Taller d'ocupació FOTAE/2014/41/46,,750.34,750.34,750.34
2014.1.0.2411.0.120,2411,120,Promoció de l'ocupació,Retribucions bàsiques,,,,5711.57,5711.57,6558.03
2014.1.0.2411.0.121,2411,121,Promoció de l'ocupació,Retribucions complementar,,,,628.66,628.66,538.86
2014.0.0.2411.0.131,2411,131,Promoció de l'ocupació,Personal Laboral eventual,,,2878.67,,2878.67,542.92
2014.0.0.2411.1410.131,2411,131,Promoció de l'ocupació,Personal Laboral eventual,1410,Taller d'ocupació FOTAE/2014/41/46,,1505.7,1505.7,1505.7
2014.0.0.2411.1411.131,2411,131,Promoció de l'ocupació,Personal Laboral eventual,1411,Salari Jove ECORJV/2014/251/46,,821.54,821.54,821.54
2014.0.0.2411.1412.131,2411,131,Promoció de l'ocupació,Personal Laboral eventual,1412,T-FIL FME99/2014/14/46,,337.2,337.2,337.2
2014.0.0.2411.1413.131,2411,131,Promoció de l'ocupació,Personal Laboral eventual,1413,Salari Jove ECORJV/2014/90/46,,657.5,657.5,657.5
2014.1.0.2411.0.131,2411,131,Promoció de l'ocupació,Personal Laboral eventual,,,,21389.2,21389.2,21389.2
2014.0.0.2411.0.160,2411,160,Promoció de l'ocupació,Quotes socials,,,949.96,,949.96,
2014.0.0.2411.1410.160,2411,160,Promoció de l'ocupació,Quotes socials,1410,Taller d'ocupació FOTAE/2014/41/46,,1380.03,1380.03,1380.03
2014.0.0.2411.1411.160,2411,160,Promoció de l'ocupació,Quotes socials,1411,Salari Jove ECORJV/2014/251/46,,259.2,259.2,259.2
2014.0.0.2411.1412.160,2411,160,Promoció de l'ocupació,Quotes socials,1412,T-FIL FME99/2014/14/46,,105.71,105.71,105.71
2014.0.0.2411.1413.160,2411,160,Promoció de l'ocupació,Quotes socials,1413,Salari Jove ECORJV/2014/90/46,,207.44,207.44,207.44
2014.1.0.2411.0.160,2411,160,Promoció de l'ocupació,Quotes socials,,,,10453.9,10453.9,9272.4
2014.0.0.2411.0.226,2411,226,Promoció de l'ocupació,Despeses diverses,,,3000.0,,3000.0,2178.0
2014.1.0.2411.0623.632,2411,632,Promoció de l'ocupació,Inv. repos.Edificis i con,0623,Escola Taller-centre form,,470.0,470.0,
2014.0.0.2412.0.131,2412,131,Bossa d'ocupació,Personal Laboral eventual,,,6265.53,28050.19,34315.72,36341.18
2014.0.0.2412.0.160,2412,160,Bossa d'ocupació,Quotes socials,,,2067.62,5728.05,7795.67,4800.19
2014.0.0.3131.0.227,3131,227,Salut Pública,Treb.real.altres empreses,,,29200.0,18154.97,47354.97,47281.98
2014.0.0.3132.0.227,3132,227,Desinfeccio i Desratitza.,Treb.real.altres empreses,,,10000.0,7568.56,17568.56,17357.46
2014.0.0.3133.0.130,3133,130,Ciutats sanes,Personal laboral fix,,,14914.88,-1173.93,13740.95,13689.61
2014.0.0.3133.0.160,3133,160,Ciutats sanes,Quotes socials,,,4623.61,190.9,4814.51,4361.87
2014.0.0.3133.0.226,3133,226,Ciutats sanes,Despeses diverses,,,800.0,-491.45,308.55,308.55
2014.0.0.3134.0.120,3134,120,Servei Mèdic,Retribucions bàsiques,,,35563.26,,35563.26,36692.1
2014.0.0.3134.0.121,3134,121,Servei Mèdic,Retribucions complementar,,,48033.02,,48033.02,48033.02
2014.0.0.3134.0.160,3134,160,Servei Mèdic,Quotes socials,,,25914.85,-4040.29,21874.56,20745.72
2014.0.0.3200.0.226,3200,226,Ponència d'educació,Despeses diverses,,,5000.0,-4213.16,786.84,786.84
2014.0.0.3200.1409.226,3200,226,Ponència d'educació,Despeses diverses,1409,Est.habitos sueño ERASMUS,,446.11,446.11,446.11
2014.0.0.3210.0.482,3210,482,Ensenyament Preescolar,Guarderia xiquets 0-3 any,,,8000.0,,8000.0,
2014.0.0.3211.0.120,3211,120,Ensenyament Primari,Retribucions bàsiques,,,38488.73,,38488.73,42290.68
2014.0.0.3211.0.121,3211,121,Ensenyament Primari,Retribucions complementar,,,40243.39,,40243.39,45245.08
2014.0.0.3211.0.160,3211,160,Ensenyament Primari,Quotes socials,,,24406.96,10679.92,35086.88,26283.24
2014.0.0.3211.0.212,3211,212,Ensenyament Primari,Rep.mment.i cons.edificis,,,5889.68,3993.98,9883.66,15937.98
2014.0.0.3211.0.221,3211,221,Ensenyament Primari,Subministres,,,85930.0,30222.88,116152.88,110084.48
2014.0.0.3211.1404.632,3211,632,Ensenyament Primari,Inv. repos.Edificis i con,1404,Rehab.inst.pub.PPOS533/14,,30350.78,30350.78,30350.73
2014.0.0.3230.0.130,3230,130,Escola Permanent d'Adults,Personal laboral fix,,,46070.68,,46070.68,37505.85
2014.0.0.3230.0.131,3230,131,Escola Permanent d'Adults,Personal Laboral eventual,,,,9575.45,9575.45,18066.84
2014.0.0.3230.0.160,3230,160,Escola Permanent d'Adults,Quotes socials,,,14281.91,3459.9,17741.81,17768.17
2014.0.0.3230.0.226,3230,226,Escola Permanent d'Adults,Despeses diverses,,,2500.0,-1504.18,995.82,995.82
2014.0.0.3240.0.131,3240,131,Beques estudis,Personal Laboral eventual,,,,30000.0,30000.0,30000.0
2014.0.0.3240.0.160,3240,160,Beques estudis,Quotes socials,,,,2083.2,2083.2,2083.2
2014.0.0.3240.0.481,3240,481,Beques estudis,Premis i Beques,,,97000.0,-24523.12,72476.88,40074.54
2014.0.0.3241.0.481,3241,481,Beques Menjador,Premis i Beques,,,18000.0,,18000.0,5021.6
2014.0.0.3242.0.120,3242,120,Gabinet psicopedagògic,Retribucions bàsiques,,,54755.94,-13955.98,40799.96,40799.96
2014.0.0.3242.0.121,3242,121,Gabinet psicopedagògic,Retribucions complementar,,,55174.14,-7947.21,47226.93,60049.89
2014.0.0.3242.0.160,3242,160,Gabinet psicopedagògic,Quotes socials,,,34078.32,,34078.32,21255.36
2014.0.0.3243.0.410,3243,410,OOAA Conservatori Música,OOAA Conservatori Música,,,263109.0,,263109.0,263109.0
2014.0.0.3243.1405.632,3243,632,OOAA Conservatori Música,Inv. repos.Edificis i con,1405,Acces.conservatori.PID,,50000.0,50000.0,
2014.1.0.3243.0.780,3243,780,OOAA Conservatori Música,A instit. sense fi lucre,,,,6.01,6.01,
2014.0.0.3300.0.120,3300,120,Animador Cultural,Retribucions bàsiques,,,36581.16,488.21,37069.37,41705.42
2014.0.0.3300.0.121,3300,121,Animador Cultural,Retribucions complementar,,,41429.64,,41429.64,42800.85
2014.0.0.3300.0.160,3300,160,Animador Cultural,Quotes socials,,,24183.35,6295.41,30478.76,24470.9
2014.0.0.3320.0.120,3320,120,Biblioteques i Arxius,Retribucions bàsiques,,,42302.23,,42302.23,43317.91
2014.0.0.3320.0.121,3320,121,Biblioteques i Arxius,Retribucions complementar,,,41542.62,,41542.62,41597.62
2014.0.0.3320.0.160,3320,160,Biblioteques i Arxius,Quotes socials,,,25991.9,-265.12,25726.78,24656.1
2014.0.0.3320.0.212,3320,212,Biblioteques i Arxius,Rep.mment.i cons.edificis,,,1000.0,-274.0,726.0,725.73
2014.0.0.3320.0.226,3320,226,Biblioteques i Arxius,Despeses diverses,,,2500.0,3611.45,6111.45,6111.72
2014.0.0.3322.0.202,3322,202,Arxius,Arrendament edifici,,,18317.0,-6317.0,12000.0,12000.0
2014.0.0.3340.0.226,3340,226,Ponència de Cultura,Despeses diverses,,,28000.0,39231.02,67231.02,67231.02
2014.0.0.3340.0.626,3340,626,Ponència de Cultura,Inv. nova Equips informat,,,,1600.0,1600.0,1600.0
2014.1.0.3340.0.780,3340,780,Ponència de Cultura,A instit. sense fi lucre,,,,50.0,50.0,
2014.0.0.3341.0.120,3341,120,Casa de la Cultura,Retribucions bàsiques,,,19141.1,3183.91,22325.01,20867.67
2014.0.0.3341.0.121,3341,121,Casa de la Cultura,Retribucions complementar,,,21400.82,,21400.82,23611.5
2014.0.0.3341.0.160,3341,160,Casa de la Cultura,Quotes socials,,,12568.0,810.47,13378.47,12625.13
2014.1.0.3341.0626.632,3341,632,Casa de la Cultura,Inv. repos.Edificis i con,0626,Condic. centre cultural,,1248.45,1248.45,1248.45
2014.0.0.3342.0.226,3342,226,Setmana lletres valencian,Despeses diverses,,,2500.0,-1560.9,939.1,939.1
2014.0.0.3343.0.226,3343,226,Campanya animació lectura,Despeses diverses,,,1000.0,-500.0,500.0,500.0
2014.0.0.3344.1408.226,3344,226,Projectes cultur. Europeu,Despeses diverses,1408,VIA EUROPA 20142ES02KA105,,14151.0,14151.0,5717.5
2014.0.0.3344.1408.481,3344,481,Projectes cultur. Europeu,Premis i Beques,1408,VIA EUROPA 20142ES02KA105,,7157.0,7157.0,2954.67
2014.0.0.3345.0.489,3345,489,Bandes de Música,Aportacions i subvencions,,,30000.0,-30000.0,,
2014.0.0.3347.0.120,3347,120,Pomoció d'Ús Valencià,Retribucions bàsiques,,,17581.44,,17581.44,17778.35
2014.0.0.3347.0.121,3347,121,Pomoció d'Ús Valencià,Retribucions complementar,,,16672.88,,16672.88,16672.88
2014.0.0.3347.0.160,3347,160,Pomoció d'Ús Valencià,Quotes socials,,,10618.84,-1742.45,8876.39,8679.48
2014.0.0.3347.0.220,3347,220,Pomoció d'Ús Valencià,Material oficina,,,300.0,-300.0,,
2014.0.0.3347.0.226,3347,226,Pomoció d'Ús Valencià,Despeses diverses,,,1500.0,-644.17,855.83,855.83
2014.0.0.3350.0.130,3350,130,Escola de Teatre,Personal laboral fix,,,5866.1,,5866.1,5750.54
2014.0.0.3350.0.160,3350,160,Escola de Teatre,Quotes socials,,,1818.49,204.14,2022.63,2096.11
2014.0.0.3350.0.226,3350,226,Escola de Teatre,Despeses diverses,,,1500.0,-519.25,980.75,980.75
2014.0.0.3351.0.226,3351,226,Representacions teatrals,Despeses diverses,,,20000.0,-2614.65,17385.35,17385.35
2014.0.0.3360.1401.627,3360,627,Arqueología y protección del Patrimonio Histórico-Artístico,Inv. nova Projec. compex,1401,MATERIAL ARQUEOLOGIC,,8000.0,8000.0,8000.0
2014.0.0.3370.0.120,3370,120,Ponència de Joventut,Retribucions bàsiques,,,34884.34,,34884.34,36249.4
2014.0.0.3370.0.121,3370,121,Ponència de Joventut,Retribucions complementar,,,40734.54,-6654.84,34079.7,40584.93
2014.0.0.3370.0.131,3370,131,Ponència de Joventut,Personal Laboral eventual,,,27785.58,-26019.26,1766.32,1469.49
2014.0.0.3370.0.160,3370,160,Ponència de Joventut,Quotes socials,,,32611.09,-3288.78,29322.31,21748.85
2014.0.0.3371.0.226,3371,226,Centre informacio juvenil,Despeses diverses,,,24118.85,-14890.52,9228.33,12366.14
2014.0.0.3371.0.227,3371,227,Centre informacio juvenil,Treb.real.altres empreses,,,,4507.1,4507.1,1294.52
2014.0.0.3379.0.212,3379,212,Centre Tercera edat,Rep.mment.i cons.edificis,,,1842.24,4484.45,6326.69,3613.4
2014.0.0.3379.0.221,3379,221,Centre Tercera edat,Subministres,,,27897.24,-12897.24,15000.0,18570.03
2014.0.0.3379.0.226,3379,226,Centre Tercera edat,Despeses diverses,,,1000.0,,1000.0,
2014.0.0.3380.0.226,3380,226,Festes Populars,Despeses diverses,,,50000.0,50106.4,100106.4,99976.03
2014.0.0.3410.0.226,3410,226,Ponència d'Esports,Despeses diverses,,,15000.0,-12509.68,2490.32,2482.47
2014.0.0.3410.0.489,3410,489,Ponència d'Esports,Aportacions i subvencions,,,95000.0,-9900.0,85100.0,85100.0
2014.0.0.3420.0.120,3420,120,Piscina d'Estiu,Retribucions bàsiques,,,,,,4695.46
2014.0.0.3420.0.121,3420,121,Piscina d'Estiu,Retribucions complementar,,,,,,1464.88
2014.0.0.3420.0.130,3420,130,Piscina d'Estiu,Personal laboral fix,,,52822.81,-6230.45,46592.36,41643.07
2014.0.0.3420.0.160,3420,160,Piscina d'Estiu,Quotes socials,,,16375.07,,16375.07,15164.02
2014.0.0.3420.0.213,3420,213,Piscina d'Estiu,Rep.mment i cons.Maquinar,,,22000.0,5179.08,27179.08,11093.05
2014.0.0.3420.0.227,3420,227,Piscina d'Estiu,Treb.real.altres empreses,,,12600.0,,12600.0,27410.13
2014.0.0.3421.0.120,3421,120,Poliesportiu Municipal,Retribucions bàsiques,,,48064.0,-2547.95,45516.05,45942.92
2014.0.0.3421.0.121,3421,121,Poliesportiu Municipal,Retribucions complementar,,,77016.38,-4139.92,72876.46,72936.39
2014.0.0.3421.0.160,3421,160,Poliesportiu Municipal,Quotes socials,,,38774.92,-4085.97,34688.95,34202.15
2014.0.0.3421.0.212,3421,212,Poliesportiu Municipal,Rep.mment.i cons.edificis,,,1000.0,749.88,1749.88,2871.51
2014.0.0.3421.0.213,3421,213,Poliesportiu Municipal,Rep.mment i cons.Maquinar,,,5000.0,3544.65,8544.65,7315.72
2014.0.0.3421.0.221,3421,221,Poliesportiu Municipal,Subministres,,,67108.62,-37150.63,29957.99,29824.62
2014.0.0.3421.0.226,3421,226,Poliesportiu Municipal,Despeses diverses,,,,1090.0,1090.0,1089.99
2014.1.0.3421.1312.612,3421,612,Poliesportiu Municipal,Inv. rep infrastructures,1312,GESPA CAMP FUTBOL PAP 13,,280000.0,280000.0,280000.0
2014.1.0.3421.0611.622,3421,622,Poliesportiu Municipal,In. nova Edificis i const,0611,Dot. esport. municipals,,41350.5,41350.5,
2014.0.0.3421.0.635,3421,635,Poliesportiu Municipal,Inv. repos. Mobiliari,,,,14825.71,14825.71,14825.71
2014.0.0.3422.0.221,3422,221,Piscines municipals,Subministres,,,132708.16,-37708.16,95000.0,94141.3
2014.1.0.3422.0501.600,3422,600,Piscines municipals,Inversions en terrenys,0501,Honoraris i urb.Piscina,,169172.76,169172.76,
2014.0.0.4100.0.120,4100,120,Consell Local Agrari,Retribucions bàsiques,,,45130.54,,45130.54,46500.68
2014.0.0.4100.0.121,4100,121,Consell Local Agrari,Retribucions complementar,,,62686.12,,62686.12,62686.12
2014.0.0.4100.0.160,4100,160,Consell Local Agrari,Quotes socials,,,33423.16,781.44,34204.6,31402.92
2014.0.0.4100.0.226,4100,226,Consell Local Agrari,Despeses diverses,,,5000.0,912.46,5912.46,5873.26
2014.1.0.4121.1020.601,4121,601,Millora Medi Natural,Inversió nova en infraest,1020,CASA FIGUERO,,100353.42,100353.42,
2014.0.0.4190.0.120,4190,120,Vedat de caça,Retribucions bàsiques,,,9379.62,,9379.62,8044.05
2014.0.0.4190.0.121,4190,121,Vedat de caça,Retribucions complementar,,,12508.02,,12508.02,12481.14
2014.0.0.4190.0.131,4190,131,Vedat de caça,Personal Laboral eventual,,,,52253.91,52253.91,36134.41
2014.0.0.4190.0.160,4190,160,Vedat de caça,Quotes socials,,,6785.17,18779.08,25564.25,19858.69
2014.1.0.4190.0.226,4190,226,Vedat de caça,Despeses diverses,,,,22975.43,22975.43,22175.01
2014.1.0.4190.0.600,4190,600,Vedat de caça,Inversions en terrenys,,,,832.5,832.5,
2014.0.0.4300.0.226,4300,226,Promoció Econòmica,Despeses diverses,,,6850.0,400.0,7250.0,7250.0
2014.0.0.4310.0.212,4310,212,Mercat Municipal,Rep.mment.i cons.edificis,,,2204.0,6120.8,8324.8,3103.83
2014.0.0.4310.0.221,4310,221,Mercat Municipal,Subministres,,,5000.0,-143.84,4856.16,9613.01
2014.0.0.4311.0.226,4311,226,Fira Sant Sebastià,Despeses diverses,,,32575.0,25011.1,57586.1,57478.85
2014.0.0.4330.0.489,4330,489,Promoció empresarial,Aportacions i subvencions,,,10000.0,-10000.0,,
2014.1.0.4500.1021.627,4500,627,Porjectes i direccio obr.,Inv. nova Projec. compex,1021,PROJ. DIREC. OBRES I LLIC,,5586.22,5586.22,
2014.1.0.4520.0508.602,4520,602,Recursos Hidràulics,Inversio nova en infraest,0508,Invers.xarxa aigües pluv.,,104705.75,104705.75,
2014.0.0.4540.1406.601,4540,601,Camins rurals,Inversió nova en infraest,1406,S.P.E.E. 2014 NETEJA LLIT,,18916.75,18916.75,18710.86
2014.1.0.4540.1022.601,4540,601,Camins rurals,Inversió nova en infraest,1022,CAMINS RURALS,,35847.96,35847.96,385.62
2014.1.0.4540.1315.601,4540,601,Camins rurals,Inversió nova en infraest,1315,Millora camns PCR2013/150,,5124.36,5124.36,5124.36
2014.0.0.4910.0.489,4910,489,Mitjans de comunicació,Aportacions i subvencions,,,10000.0,-8414.28,1585.72,
2014.0.0.4911.0.110,4911,110,Gabinet de comunicacio,Retrib. personal eventual,,,35499.94,,35499.94,35499.94
2014.0.0.4911.0.160,4911,160,Gabinet de comunicacio,Quotes socials,,,2239.11,9475.87,11714.98,11626.32
2014.0.0.4911.0.227,4911,227,Gabinet de comunicacio,Treb.real.altres empreses,,,1000.0,4420.0,5420.0,5420.0
2014.0.0.4920.0.216,4920,216,Administració electrònica,Rep.mment i cons.E.inform,,,4948.8,347.25,5296.05,14195.79
2014.0.0.4920.0.227,4920,227,Administració electrònica,Treb.real.altres empreses,,,25000.0,3158.46,28158.46,19258.58
2014.0.0.4930.0.120,4930,120,O.M.I.C.,Retribucions bàsiques,,,13135.46,,13135.46,13135.46
2014.0.0.4930.0.121,4930,121,O.M.I.C.,Retribucions complementar,,,13457.08,,13457.08,13457.08
2014.0.0.4930.0.160,4930,160,O.M.I.C.,Quotes socials,,,8243.69,-200.0,8043.69,7011.72
2014.0.0.4930.0.226,4930,226,O.M.I.C.,Despeses diverses,,,800.0,-800.0,,
2014.0.0.9120.0.100,9120,100,Órganos de gobierno,Retribucions dedic. exclu,,,104154.84,,104154.84,104154.68
2014.0.0.9120.0.160,9120,160,Órganos de gobierno,Quotes socials,,,34371.1,,34371.1,32685.64
2014.0.0.9120.0.226,9120,226,Órganos de gobierno,Despeses diverses,,,3000.0,-2000.0,1000.0,2002.45
2014.0.0.9120.0.233,9120,233,Órganos de gobierno,Assitències,,,108361.0,-18870.8,89490.2,88487.75
2014.0.0.9121.0.489,9121,489,Grups Politics,Aportacions i subvencions,,,22000.0,2350.0,24350.0,23500.0
2014.0.0.9200.0.222,9200,222,Serveis Generals,Servei de comunicacions,,,5000.0,-5000.0,,
2014.0.0.9200.0.226,9200,226,Serveis Generals,Despeses diverses,,,500.0,-600.0,-100.0,31.12
2014.0.0.9200.0.230,9200,230,Serveis Generals,Dietes,,,1500.0,-1045.52,454.48,323.36
2014.0.0.9200.0.231,9200,231,Serveis Generals,Despeses locomoció,,,2000.0,-1595.26,404.74,404.74
2014.0.0.9201.0.120,9201,120,Secretaria,Retribucions bàsiques,,,166520.46,-25981.01,140539.45,159836.3
2014.0.0.9201.0.121,9201,121,Secretaria,Retribucions complementar,,,220461.36,-57850.49,162610.87,161657.46
2014.0.0.9201.0.151,9201,151,Secretaria,Gratificacions,,,,,,1029.6
2014.0.0.9201.0.160,9201,160,Secretaria,Quotes socials,,,119964.36,-15382.22,104582.14,85209.1
2014.0.0.9202.0.203,9202,203,Oficines Municipals,Arrendament maquinaria,,,12360.0,-5619.87,6740.13,4473.18
2014.0.0.9202.0.213,9202,213,Oficines Municipals,Rep.mment i cons.Maquinar,,,23000.0,,23000.0,13938.57
2014.0.0.9202.0.220,9202,220,Oficines Municipals,Material oficina,,,50000.0,909.38,50909.38,44726.71
2014.0.0.9202.0.221,9202,221,Oficines Municipals,Subministres,,,80000.0,,80000.0,35107.45
2014.0.0.9202.0.222,9202,222,Oficines Municipals,Servei de comunicacions,,,15000.0,15000.0,30000.0,93403.35
2014.0.0.9202.0.223,9202,223,Oficines Municipals,Servei transport/missatge,,,1000.0,,1000.0,
2014.0.0.9203.0.202,9203,202,Edificis Municipals,Arrendament edifici,,,20800.0,-9400.0,11400.0,11400.0
2014.0.0.9203.0.212,9203,212,Edificis Municipals,Rep.mment.i cons.edificis,,,8000.0,,8000.0,34789.94
2014.0.0.9203.0.227,9203,227,Edificis Municipals,Treb.real.altres empreses,,,345609.35,,345609.35,310015.27
2014.1.0.9203.1203.623,9203,623,Edificis Municipals,Inv. nova maquinar. intst,1203,Actuac. Casa Cult.PPOS12,,15280.85,15280.85,15280.85
2014.0.0.9203.0.632,9203,632,Edificis Municipals,Inv. repos.Edificis i con,,,,18697.43,18697.43,18697.43
2014.0.0.9204.0.120,9204,120,Departament informàtica,Retribucions bàsiques,,,28677.0,,28677.0,28677.0
2014.0.0.9204.0.121,9204,121,Departament informàtica,Retribucions complementar,,,38438.12,,38438.12,38438.12
2014.0.0.9204.0.160,9204,160,Departament informàtica,Quotes socials,,,20805.69,-1030.45,19775.24,19775.24
2014.0.0.9205.0.227,9205,227,Asses. i defensa lletrada,Treb.real.altres empreses,,,15000.0,64108.0,79108.0,79085.58
2014.0.0.9206.0.224,9206,224,Bens Municipals,Contracte de segur,,,55000.0,-15098.24,39901.76,39901.76
2014.0.0.9207.0.226,9207,226,Jutjat,Despeses diverses,,,10000.0,-8425.64,1574.36,1549.39
2014.0.0.9209.0.120,9209,120,Departament de Personal,Retribucions bàsiques,,,90675.6,-18355.31,72320.29,72320.29
2014.0.0.9209.0.121,9209,121,Departament de Personal,Retribucions complementar,,,115564.26,-31972.09,83592.17,83592.17
2014.0.0.9209.0.160,9209,160,Departament de Personal,Quotes socials,,,63934.35,-18927.29,45007.06,45007.06
2014.0.0.9240.0.226,9240,226,Participació ciutadana,Despeses diverses,,,1500.0,-1500.0,,
2014.0.0.9250.0.120,9250,120,Atenció ciutada i U.Admin,Retribucions bàsiques,,,182908.14,-13966.14,168942.0,168942.0
2014.0.0.9250.0.121,9250,121,Atenció ciutada i U.Admin,Retribucions complementar,,,230512.96,-19986.7,210526.26,210526.26
2014.0.0.9250.0.160,9250,160,Atenció ciutada i U.Admin,Quotes socials,,,128160.54,-21887.88,106272.66,106272.66
2014.0.0.9291.0.270,9291,270,Indemnitzacions,Despeses imprevistes,,,42000.0,59569.4,101569.4,101569.4
2014.0.0.9292.0.120,9292,120,Taller,Retribucions bàsiques,,,20884.02,,20884.02,21269.53
2014.0.0.9292.0.121,9292,121,Taller,Retribucions complementar,,,26122.18,,26122.18,25847.81
2014.0.0.9292.0.160,9292,160,Taller,Quotes socials,,,14571.92,1300.99,15872.91,15737.88
2014.0.0.9292.0.226,9292,226,Taller,Despeses diverses,,,2550.0,-1516.58,1033.42,1033.42
2014.0.0.9310.0.120,9310,120,Àrea Econòmica,Retribucions bàsiques,,,100123.26,-11810.52,88312.74,88312.74
2014.0.0.9310.0.121,9310,121,Àrea Econòmica,Retribucions complementar,,,157638.04,-15442.59,142195.45,142195.45
2014.0.0.9310.0.160,9310,160,Àrea Econòmica,Quotes socials,,,79906.0,-20392.5,59513.5,59513.5
2014.0.0.9320.0.227,9320,227,Recaptació Tributs,Treb.real.altres empreses,,,31000.0,81284.85,112284.85,112284.85
2014.0.0.9340.0.359,9340,359,Entitas finançeres,Otros gastos financieros,,,500.0,,500.0,63.22
2014.0.0.9420.0.466,9420,466,Transferencias a Entidades Locales territoriales,A altres Ent. agrup.munic,,,5100.0,,5100.0,5021.95
2014.0.0.9430.0.463,9430,463,Transf. altres Ent. Local,A Mancomunitats,,,27000.0,-2082.25,24917.75,24917.75
#,,,,,,,11037198.29,2004538.88,13041737.17,11704632.56
