#Aplicación presupuestaria,Programa,Económico,Desc. programa,Desc. económico,Proyecto,Desc. proyecto,Consig. inicial,Modificaciones,Consig. definit.,Obl. recon. (O)
2012.0.0.0112.0.310,0112,310,Entitats Financeres,Interessos prèstecs,,,410038.83,4681.89,414720.72,414720.72
2012.0.0.0112.0.913,0112,913,Entitats Financeres,Amortitzacio prèstecs,,,1089686.15,-4681.89,1085004.26,1085004.26
2012.0.0.1320.0.120,1320,120,Seguretat i orgre públic,Retribucions bàsiques,,,430781.84,4799.89,435581.73,407365.19
2012.0.0.1320.0.121,1320,121,Seguretat i orgre públic,Retribucions complementar,,,744380.55,-983.76,743396.79,682111.64
2012.0.0.1320.0.150,1320,150,Seguretat i orgre públic,Complement Productivitat,,,35000.0,21014.35,56014.35,66206.59
2012.0.0.1320.0.151,1320,151,Seguretat i orgre públic,Gratificacions,,,,,,3720.31
2012.0.0.1320.0.160,1320,160,Seguretat i orgre públic,Quotes socials,,,375150.34,658.36,375808.7,373436.13
2012.0.0.1320.0.204,1320,204,Seguretat i orgre públic,Arrendament vehicles,,,43836.76,,43836.76,43923.16
2012.0.0.1320.0.213,1320,213,Seguretat i orgre públic,Rep.mment i cons.Maquinar,,,600.0,,600.0,940.92
2012.0.0.1320.0.214,1320,214,Seguretat i orgre públic,Rep.mment i cons. vehicle,,,1530.0,,1530.0,395.77
2012.0.0.1320.0.221,1320,221,Seguretat i orgre públic,Subministres,,,18000.0,2339.72,20339.72,21045.99
2012.0.0.1330.0.219,1330,219,Control del trànsit,Rep.mment cons.altre Immo,,,10000.0,,10000.0,3516.68
2012.0.0.1330.0.221,1330,221,Control del trànsit,Subministres,,,5000.0,,5000.0,3398.06
2012.0.0.1331.0.202,1331,202,Recollida de vehicles,Arrendament edifici,,,3105.0,,3105.0,3000.0
2012.0.0.1331.0.227,1331,227,Recollida de vehicles,Treb.real.altres empreses,,,50000.0,,50000.0,39254.04
2012.0.0.1510.0.120,1510,120,Urbanisme,Retribucions bàsiques,,,86479.14,27629.32,114108.46,72752.27
2012.0.0.1510.0.121,1510,121,Urbanisme,Retribucions complementar,,,116896.36,-43147.15,73749.21,90822.75
2012.0.0.1510.0.160,1510,160,Urbanisme,Quotes socials,,,63046.41,-11072.56,51973.85,51973.85
2012.0.0.1510.0.226,1510,226,Urbanisme,Despeses diverses,,,3000.0,-4034.36,-1034.36,422.01
2012.0.0.1510.0.227,1510,227,Urbanisme,Treb.real.altres empreses,,,1500.0,,1500.0,
2012.0.0.1550.0.120,1550,120,Vies Públiques,Retribucions bàsiques,,,9822.0,,9822.0,
2012.0.0.1550.0.121,1550,121,Vies Públiques,Retribucions complementar,,,10825.08,,10825.08,
2012.0.0.1550.0.130,1550,130,Vies Públiques,Personal laboral fix,,,,,,19177.25
2012.0.0.1550.0.160,1550,160,Vies Públiques,Quotes socials,,,6400.59,1183.05,7583.64,7583.64
2012.0.0.1550.0.210,1550,210,Vies Públiques,Rep mment.conser.Infrastr,,,1000.0,,1000.0,2352.06
2012.0.0.1550.0.213,1550,213,Vies Públiques,Rep.mment i cons.Maquinar,,,10000.0,,10000.0,7554.75
2012.0.0.1550.0.214,1550,214,Vies Públiques,Rep.mment i cons. vehicle,,,3000.0,,3000.0,3757.7
2012.0.0.1550.0.226,1550,226,Vies Públiques,Despeses diverses,,,,,,250.49
2012.0.0.1551.0.120,1551,120,Obres,Retribucions bàsiques,,,60390.84,-18209.4,42181.44,32512.85
2012.0.0.1551.0.121,1551,121,Obres,Retribucions complementar,,,67697.88,-27326.34,40371.54,29071.1
2012.0.0.1551.0.130,1551,130,Obres,Personal laboral fix,,,,,,18140.22
2012.0.0.1551.0.131,1551,131,Obres,Personal Laboral eventual,,,19453.92,,19453.92,18236.87
2012.0.0.1551.0.160,1551,160,Obres,Quotes socials,,,46127.29,-4971.31,41155.98,34785.25
2012.0.0.1551.0.204,1551,204,Obres,Arrendament vehicles,,,17453.16,,17453.16,17453.16
2012.0.0.1551.0.221,1551,221,Obres,Subministres,,,15300.0,,15300.0,12639.73
2012.0.0.1610.0.120,1610,120,Servei d'Aigua Potable,Retribucions bàsiques,,,22073.64,-379.76,21693.88,16693.86
2012.0.0.1610.0.121,1610,121,Servei d'Aigua Potable,Retribucions complementar,,,27138.16,,27138.16,28945.27
2012.0.0.1610.0.160,1610,160,Servei d'Aigua Potable,Quotes socials,,,15255.66,,15255.66,15025.98
2012.0.0.1611.0.210,1611,210,Clavegueram i Vessam.Aigu,Rep mment.conser.Infrastr,,,1000.0,-854.8,145.2,
2012.0.0.1620.0.227,1620,227,Recollida Fem i Net.viari,Treb.real.altres empreses,,,720000.0,12158.62,732158.62,703307.46
2012.0.0.1640.0.120,1640,120,Cementeri Municipal,Retribucions bàsiques,,,17507.94,2810.24,20318.18,17240.69
2012.0.0.1640.0.121,1640,121,Cementeri Municipal,Retribucions complementar,,,23673.72,,23673.72,22862.84
2012.0.0.1640.0.160,1640,160,Cementeri Municipal,Quotes socials,,,12766.31,-355.05,12411.26,12411.26
2012.0.0.1640.0.212,1640,212,Cementeri Municipal,Rep.mment.i cons.edificis,,,2000.0,,2000.0,2676.24
2012.0.0.1640.0.221,1640,221,Cementeri Municipal,Subministres,,,2319.52,,2319.52,1623.1
2012.0.0.1640.1204.622,1640,622,Cementeri Municipal,In. nova Edificis i const,1204,Obres apliac. cement.,,32750.94,32750.94,32750.94
2012.0.0.1650.0.120,1650,120,Enllumenat Públic,Retribucions bàsiques,,,41069.8,-1980.82,39088.98,36672.99
2012.0.0.1650.0.121,1650,121,Enllumenat Públic,Retribucions complementar,,,62269.96,-2148.5,60121.46,56089.12
2012.0.0.1650.0.160,1650,160,Enllumenat Públic,Quotes socials,,,32035.33,-2841.25,29194.08,29194.08
2012.0.0.1650.0.210,1650,210,Enllumenat Públic,Rep mment.conser.Infrastr,,,5000.0,,5000.0,2975.2
2012.0.0.1650.0.213,1650,213,Enllumenat Públic,Rep.mment i cons.Maquinar,,,10000.0,,10000.0,1244.31
2012.0.0.1650.0.221,1650,221,Enllumenat Públic,Subministres,,,200000.0,39344.99,239344.99,249822.48
2012.0.0.1700.0.120,1700,120,Medi ambient,Retribucions bàsiques,,,18628.26,-93.82,18534.44,17665.91
2012.0.0.1700.0.121,1700,121,Medi ambient,Retribucions complementar,,,25164.3,-119.82,25044.48,23247.03
2012.0.0.1700.0.160,1700,160,Medi ambient,Quotes socials,,,13575.69,-3516.62,10059.07,10059.07
2012.0.0.1710.0.120,1710,120,Parcs i Jardins,Retribucions bàsiques,,,30244.12,,30244.12,26724.39
2012.0.0.1710.0.121,1710,121,Parcs i Jardins,Retribucions complementar,,,35020.58,,35020.58,33848.04
2012.0.0.1710.0.160,1710,160,Parcs i Jardins,Quotes socials,,,20232.06,959.27,21191.33,21322.57
2012.0.0.1710.0.210,1710,210,Parcs i Jardins,Rep mment.conser.Infrastr,,,87292.04,-9935.82,77356.22,86119.67
2012.0.0.1710.0.221,1710,221,Parcs i Jardins,Subministres,,,2000.0,,2000.0,
2012.0.0.1710.0.226,1710,226,Parcs i Jardins,Despeses diverses,,,8000.0,,8000.0,954.5
2012.0.0.1720.0.226,1720,226,Protec. millora medi ambi,Despeses diverses,,,3000.0,,3000.0,
2012.0.0.1720.0.227,1720,227,Protec. millora medi ambi,Treb.real.altres empreses,,,5045.97,-1499.67,3546.3,6296.87
2012.0.0.2210.0.163,2210,163,Personal actiu,Despes. soc.-Prev riscos,,,10596.99,,10596.99,9454.07
2012.0.0.2210.0.227,2210,227,Personal actiu,Treb.real.altres empreses,,,,2890.39,2890.39,2890.39
2012.0.0.2210.0.830,2210,830,Personal actiu,Préstamos a corto plazo. Desarrollo por sectores,,,1.0,,1.0,
2012.0.0.2211.0.161,2211,161,Segur. protec. i prom.soc,Prestacions socials,,,,908.8,908.8,3111.4
2012.0.0.2211.0.162,2211,162,Segur. protec. i prom.soc,Despeses socials,,,6106.11,1263.99,7370.1,4890.0
2012.0.0.2300.0.120,2300,120,Assitència Social,Retribucions bàsiques,,,56758.88,2082.74,58841.62,44329.7
2012.0.0.2300.0.121,2300,121,Assitència Social,Retribucions complementar,,,65608.97,,65608.97,49935.84
2012.0.0.2300.0.130,2300,130,Assitència Social,Personal laboral fix,,,,,,20451.03
2012.0.0.2300.0.160,2300,160,Assitència Social,Quotes socials,,,37934.03,,37934.03,36464.81
2012.0.0.2300.0.226,2300,226,Assitència Social,Despeses diverses,,,1000.0,,1000.0,
2012.0.0.2311.0.480,2311,480,Acció Social,Ajudes indiv i atenc bene,,,40000.0,,40000.0,1007.45
2012.0.0.2311.0.489,2311,489,Acció Social,Aportacions i subvencions,,,5000.0,,5000.0,4000.0
2012.0.0.2312.0.227,2312,227,Serveis soc. i prom.socia,Treb.real.altres empreses,,,838.83,,838.83,
2012.0.0.2317.0.480,2317,480,Menjador social,Ajudes indiv i atenc bene,,,3600.0,,3600.0,3600.0
2012.0.0.2320.0.226,2320,226,Departament de la Dona,Despeses diverses,,,1000.0,,1000.0,260.0
2012.0.0.2321.0.202,2321,202,Centre dia per a menors,Arrendament edifici,,,8600.0,-583.59,8016.41,6217.92
2012.0.0.2321.0.226,2321,226,Centre dia per a menors,Despeses diverses,,,3000.0,,3000.0,947.71
2012.0.0.2322.0.120,2322,120,Educador de Carrer,Retribucions bàsiques,,,16182.1,,16182.1,12874.07
2012.0.0.2322.0.121,2322,121,Educador de Carrer,Retribucions complementar,,,17705.66,,17705.66,17762.78
2012.0.0.2322.0.130,2322,130,Educador de Carrer,Personal laboral fix,,,18274.93,,18274.93,15361.38
2012.0.0.2322.0.131,2322,131,Educador de Carrer,Personal Laboral eventual,,,58565.01,,58565.01,55335.44
2012.0.0.2322.0.160,2322,160,Educador de Carrer,Quotes socials,,,35496.89,,35496.89,34457.96
2012.0.0.2322.0.226,2322,226,Educador de Carrer,Despeses diverses,,,2000.0,,2000.0,300.0
2012.0.0.2323.0.226,2323,226,Prevenció Drogodependenc.,Despeses diverses,,,3000.0,,3000.0,
2012.0.0.2324.0.226,2324,226,Pau i Solidaritat:Immigra,Despeses diverses,,,1000.0,,1000.0,
2012.0.0.2330.0.227,2330,227,Asistència domiciliaria,Treb.real.altres empreses,,,18000.0,,18000.0,13828.47
2012.0.0.2331.0.120,2331,120,Ajuda a la dependència,Retribucions bàsiques,,,,,,18941.53
2012.0.0.2331.0.121,2331,121,Ajuda a la dependència,Retribucions complementar,,,,,,15607.85
2012.0.0.2331.0.131,2331,131,Ajuda a la dependència,Personal Laboral eventual,,,36898.86,,36898.86,
2012.0.0.2331.0.160,2331,160,Ajuda a la dependència,Quotes socials,,,11713.97,130.19,11844.16,11903.88
2012.0.0.2410.0.120,2410,120,Escoles Taller,Retribucions bàsiques,,,,157525.27,157525.27,145446.79
2012.0.0.2410.0.131,2410,131,Escoles Taller,Personal Laboral eventual,,,,117858.3,117858.3,114054.81
2012.0.0.2410.0.160,2410,160,Escoles Taller,Quotes socials,,,,57345.13,57345.13,56498.17
2012.0.0.2410.0.226,2410,226,Escoles Taller,Despeses diverses,,,2000.0,86346.4,88346.4,83825.74
2012.0.0.2410.0.481,2410,481,Escoles Taller,Premis i Beques,,,,25242.0,25242.0,23895.76
2012.0.0.2411.0.120,2411,120,Promoció de l'ocupació,Retribucions bàsiques,,,,,,719.89
2012.0.0.2411.0.131,2411,131,Promoció de l'ocupació,Personal Laboral eventual,,,2878.67,31143.43,34022.1,18987.37
2012.0.0.2411.0.160,2411,160,Promoció de l'ocupació,Quotes socials,,,949.96,8133.46,9083.42,22137.6
2012.0.0.2411.0.226,2411,226,Promoció de l'ocupació,Despeses diverses,,,3000.0,677.6,3677.6,3677.6
2012.0.0.2411.0.227,2411,227,Promoció de l'ocupació,Treb.real.altres empreses,,,,40460.0,40460.0,
2012.0.0.2412.0.131,2412,131,Bossa d'ocupació,Personal Laboral eventual,,,6265.53,,6265.53,
2012.0.0.2412.0.160,2412,160,Bossa d'ocupació,Quotes socials,,,2067.62,,2067.62,
2012.0.0.3130.0.221,3130,221,Medicaments i prod sanita,Subministres,,,500.0,,500.0,235.25
2012.0.0.3131.0.227,3131,227,Salut Pública,Treb.real.altres empreses,,,29200.0,12745.24,41945.24,37557.02
2012.0.0.3132.0.227,3132,227,Desinfeccio i Desratitza.,Treb.real.altres empreses,,,10000.0,,10000.0,5562.3
2012.0.0.3133.0.130,3133,130,Ciutats sanes,Personal laboral fix,,,14914.88,-1145.11,13769.77,13163.94
2012.0.0.3133.0.160,3133,160,Ciutats sanes,Quotes socials,,,4623.61,,4623.61,4354.7
2012.0.0.3133.0.226,3133,226,Ciutats sanes,Despeses diverses,,,800.0,-708.8,91.2,
2012.0.0.3134.0.120,3134,120,Servei Mèdic,Retribucions bàsiques,,,35563.26,,35563.26,33811.31
2012.0.0.3134.0.121,3134,121,Servei Mèdic,Retribucions complementar,,,48033.02,,48033.02,44460.93
2012.0.0.3134.0.160,3134,160,Servei Mèdic,Quotes socials,,,25914.85,-1839.76,24075.09,19716.54
2012.0.0.3200.0.226,3200,226,Ponència d'educació,Despeses diverses,,,5000.0,-4306.58,693.42,220.89
2012.0.0.3210.0.227,3210,227,Ensenyament Preescolar,Treb.real.altres empreses,,,15000.0,-6600.0,8400.0,3579.9
2012.0.0.3210.0.482,3210,482,Ensenyament Preescolar,Guarderia xiquets 0-3 any,,,8000.0,-8000.0,,
2012.0.0.3211.0.120,3211,120,Ensenyament Primari,Retribucions bàsiques,,,38488.73,11502.75,49991.48,35884.02
2012.0.0.3211.0.121,3211,121,Ensenyament Primari,Retribucions complementar,,,40243.39,,40243.39,47539.12
2012.0.0.3211.0.160,3211,160,Ensenyament Primari,Quotes socials,,,24406.96,1407.33,25814.29,26524.62
2012.0.0.3211.0.203,3211,203,Ensenyament Primari,Arrendament maquinaria,,,43724.02,,43724.02,
2012.0.0.3211.0.212,3211,212,Ensenyament Primari,Rep.mment.i cons.edificis,,,5889.68,8665.26,14554.94,10581.67
2012.0.0.3211.0.221,3211,221,Ensenyament Primari,Subministres,,,85930.0,104577.28,190507.28,134584.22
2012.0.0.3230.0.130,3230,130,Escola Permanent d'Adults,Personal laboral fix,,,46070.68,,46070.68,40274.95
2012.0.0.3230.0.131,3230,131,Escola Permanent d'Adults,Personal Laboral eventual,,,,13351.28,13351.28,12940.5
2012.0.0.3230.0.160,3230,160,Escola Permanent d'Adults,Quotes socials,,,14281.91,83.28,14365.19,17918.71
2012.0.0.3230.0.203,3230,203,Escola Permanent d'Adults,Arrendament maquinaria,,,3000.0,,3000.0,
2012.0.0.3230.0.226,3230,226,Escola Permanent d'Adults,Despeses diverses,,,2500.0,,2500.0,3219.24
2012.0.0.3230.0.227,3230,227,Escola Permanent d'Adults,Treb.real.altres empreses,,,25000.0,-13154.36,11845.64,6786.0
2012.0.0.3240.0.131,3240,131,Beques estudis,Personal Laboral eventual,,,,36000.0,36000.0,35649.98
2012.0.0.3240.0.160,3240,160,Beques estudis,Quotes socials,,,,2484.72,2484.72,2484.64
2012.0.0.3240.0.480,3240,480,Beques estudis,Ajudes indiv i atenc bene,,,,,,2800.0
2012.0.0.3240.0.481,3240,481,Beques estudis,Premis i Beques,,,97000.0,-70876.68,26123.32,4950.0
2012.0.0.3241.0.481,3241,481,Beques Menjador,Premis i Beques,,,18000.0,-8009.3,9990.7,9990.7
2012.0.0.3242.0.120,3242,120,Gabinet psicopedagògic,Retribucions bàsiques,,,54755.94,38105.42,92861.36,54133.55
2012.0.0.3242.0.121,3242,121,Gabinet psicopedagògic,Retribucions complementar,,,55174.14,-3107.85,52066.29,78034.2
2012.0.0.3242.0.160,3242,160,Gabinet psicopedagògic,Quotes socials,,,34078.32,,34078.32,40492.32
2012.0.0.3243.0.410,3243,410,OOAA Conservatori Música,OOAA Conservatori Música,,,263109.0,,263109.0,263109.0
2012.0.0.3300.0.120,3300,120,Animador Cultural,Retribucions bàsiques,,,36581.16,7231.33,43812.49,38217.66
2012.0.0.3300.0.121,3300,121,Animador Cultural,Retribucions complementar,,,41429.64,,41429.64,39330.83
2012.0.0.3300.0.150,3300,150,Animador Cultural,Complement Productivitat,,,,,,2148.72
2012.0.0.3300.0.160,3300,160,Animador Cultural,Quotes socials,,,24183.35,,24183.35,23543.3
2012.0.0.3320.0.120,3320,120,Biblioteques i Arxius,Retribucions bàsiques,,,42302.23,,42302.23,39480.25
2012.0.0.3320.0.121,3320,121,Biblioteques i Arxius,Retribucions complementar,,,41542.62,,41542.62,38471.03
2012.0.0.3320.0.160,3320,160,Biblioteques i Arxius,Quotes socials,,,25991.9,,25991.9,24331.39
2012.0.0.3320.0.212,3320,212,Biblioteques i Arxius,Rep.mment.i cons.edificis,,,1000.0,-608.36,391.64,391.64
2012.0.0.3320.0.226,3320,226,Biblioteques i Arxius,Despeses diverses,,,2500.0,-417.07,2082.93,547.37
2012.0.0.3321.1201.627,3321,627,Biblioteques,Inv. nova Projec. compex,1201,Adquis llibres cd's,3438.4,1000.0,4438.4,994.49
2012.0.0.3322.0.202,3322,202,Arxius,Arrendament edifici,,,18317.0,-5291.57,13025.43,12101.72
2012.0.0.3340.0.226,3340,226,Ponència de Cultura,Despeses diverses,,,28000.0,-12059.6,15940.4,11503.0
2012.0.0.3341.0.120,3341,120,Casa de la Cultura,Retribucions bàsiques,,,19141.1,,19141.1,17785.11
2012.0.0.3341.0.121,3341,121,Casa de la Cultura,Retribucions complementar,,,21400.82,,21400.82,19403.56
2012.0.0.3341.0.160,3341,160,Casa de la Cultura,Quotes socials,,,12568.0,,12568.0,12005.18
2012.0.0.3342.0.226,3342,226,Setmana lletres valencian,Despeses diverses,,,2500.0,,2500.0,1335.13
2012.0.0.3343.0.226,3343,226,Campanya animació lectura,Despeses diverses,,,1000.0,-1000.0,,
2012.0.0.3344.0.226,3344,226,Projectes cultur. Europeu,Despeses diverses,,,,5181.01,5181.01,4940.67
2012.0.0.3344.0.481,3344,481,Projectes cultur. Europeu,Premis i Beques,,,,14348.33,14348.33,14347.71
2012.0.0.3345.0.489,3345,489,Bandes de Música,Aportacions i subvencions,,,30000.0,-23139.94,6860.06,
2012.0.0.3347.0.120,3347,120,Pomoció d'Ús Valencià,Retribucions bàsiques,,,17581.44,,17581.44,16655.66
2012.0.0.3347.0.121,3347,121,Pomoció d'Ús Valencià,Retribucions complementar,,,16672.88,,16672.88,15402.56
2012.0.0.3347.0.160,3347,160,Pomoció d'Ús Valencià,Quotes socials,,,10618.84,,10618.84,8529.32
2012.0.0.3347.0.220,3347,220,Pomoció d'Ús Valencià,Material oficina,,,300.0,,300.0,
2012.0.0.3347.0.226,3347,226,Pomoció d'Ús Valencià,Despeses diverses,,,1500.0,,1500.0,1646.1
2012.0.0.3350.0.130,3350,130,Escola de Teatre,Personal laboral fix,,,5866.1,128.35,5994.45,5750.19
2012.0.0.3350.0.160,3350,160,Escola de Teatre,Quotes socials,,,1818.49,248.82,2067.31,2067.31
2012.0.0.3350.0.226,3350,226,Escola de Teatre,Despeses diverses,,,1500.0,,1500.0,1500.0
2012.0.0.3351.0.226,3351,226,Representacions teatrals,Despeses diverses,,,20000.0,26144.81,46144.81,39285.23
2012.0.0.3360.1203.627,3360,627,Arqueología y protección del Patrimonio Histórico-Artístico,Inv. nova Projec. compex,1203,Piezas museables,,19999.82,19999.82,19999.82
2012.0.0.3370.0.120,3370,120,Ponència de Joventut,Retribucions bàsiques,,,34884.34,5149.55,40033.89,31242.37
2012.0.0.3370.0.121,3370,121,Ponència de Joventut,Retribucions complementar,,,40734.54,,40734.54,35463.64
2012.0.0.3370.0.131,3370,131,Ponència de Joventut,Personal Laboral eventual,,,27785.58,-5847.82,21937.76,3722.7
2012.0.0.3370.0.160,3370,160,Ponència de Joventut,Quotes socials,,,32611.09,-8705.5,23905.59,22295.8
2012.0.0.3371.0.226,3371,226,Centre informacio juvenil,Despeses diverses,,,24118.85,-20695.68,3423.17,3084.82
2012.0.0.3379.0.212,3379,212,Centre Tercera edat,Rep.mment.i cons.edificis,,,1842.24,,1842.24,2453.64
2012.0.0.3379.0.221,3379,221,Centre Tercera edat,Subministres,,,27897.24,9715.0,37612.24,17185.84
2012.0.0.3379.0.226,3379,226,Centre Tercera edat,Despeses diverses,,,1000.0,,1000.0,725.16
2012.0.0.3380.0.226,3380,226,Festes Populars,Despeses diverses,,,50000.0,74537.05,124537.05,124026.11
2012.0.0.3410.0.226,3410,226,Ponència d'Esports,Despeses diverses,,,15000.0,-8372.32,6627.68,2956.19
2012.0.0.3410.0.489,3410,489,Ponència d'Esports,Aportacions i subvencions,,,95000.0,,95000.0,95000.0
2012.0.0.3420.0.120,3420,120,Piscina d'Estiu,Retribucions bàsiques,,,,,,10298.41
2012.0.0.3420.0.121,3420,121,Piscina d'Estiu,Retribucions complementar,,,,,,3011.82
2012.0.0.3420.0.130,3420,130,Piscina d'Estiu,Personal laboral fix,,,52822.81,3195.45,56018.26,47512.16
2012.0.0.3420.0.131,3420,131,Piscina d'Estiu,Personal Laboral eventual,,,,14716.35,14716.35,
2012.0.0.3420.0.160,3420,160,Piscina d'Estiu,Quotes socials,,,16375.07,5743.57,22118.64,20073.04
2012.0.0.3420.0.213,3420,213,Piscina d'Estiu,Rep.mment i cons.Maquinar,,,22000.0,,22000.0,16519.58
2012.0.0.3420.0.227,3420,227,Piscina d'Estiu,Treb.real.altres empreses,,,12600.0,,12600.0,90.0
2012.0.0.3421.0.120,3421,120,Poliesportiu Municipal,Retribucions bàsiques,,,48064.0,,48064.0,44574.0
2012.0.0.3421.0.121,3421,121,Poliesportiu Municipal,Retribucions complementar,,,77016.38,,77016.38,71446.35
2012.0.0.3421.0.160,3421,160,Poliesportiu Municipal,Quotes socials,,,38774.92,-572.38,38202.54,36546.17
2012.0.0.3421.0.212,3421,212,Poliesportiu Municipal,Rep.mment.i cons.edificis,,,1000.0,198.28,1198.28,7627.02
2012.0.0.3421.0.213,3421,213,Poliesportiu Municipal,Rep.mment i cons.Maquinar,,,5000.0,5047.02,10047.02,10133.96
2012.0.0.3421.0.221,3421,221,Poliesportiu Municipal,Subministres,,,67108.62,4900.0,72008.62,32298.24
2012.0.0.3421.1205.623,3421,623,Poliesportiu Municipal,Inv. nova maquinar. intst,1205,Equipament esportiu,,15870.36,15870.36,15870.36
2012.0.0.3422.0.213,3422,213,Piscines municipals,Rep.mment i cons.Maquinar,,,25678.98,,25678.98,10943.29
2012.0.0.3422.0.221,3422,221,Piscines municipals,Subministres,,,132708.16,,132708.16,73752.99
2012.0.0.3422.0.227,3422,227,Piscines municipals,Treb.real.altres empreses,,,225000.0,,225000.0,201519.42
2012.0.0.4100.0.120,4100,120,Consell Local Agrari,Retribucions bàsiques,,,45130.54,,45130.54,41900.87
2012.0.0.4100.0.121,4100,121,Consell Local Agrari,Retribucions complementar,,,62686.12,,62686.12,58120.64
2012.0.0.4100.0.160,4100,160,Consell Local Agrari,Quotes socials,,,33423.16,,33423.16,31239.83
2012.0.0.4100.0.204,4100,204,Consell Local Agrari,Arrendament vehicles,,,9896.16,,9896.16,
2012.0.0.4100.0.226,4100,226,Consell Local Agrari,Despeses diverses,,,5000.0,-2960.0,2040.0,7028.62
2012.0.0.4190.0.120,4190,120,Vedat de caça,Retribucions bàsiques,,,9379.62,,9379.62,8482.37
2012.0.0.4190.0.121,4190,121,Vedat de caça,Retribucions complementar,,,12508.02,,12508.02,11602.05
2012.0.0.4190.0.160,4190,160,Vedat de caça,Quotes socials,,,6785.17,17629.73,24414.9,21395.16
2012.0.0.4300.0.226,4300,226,Promoció Econòmica,Despeses diverses,,,6850.0,,6850.0,6672.54
2012.0.0.4310.0.212,4310,212,Mercat Municipal,Rep.mment.i cons.edificis,,,2204.0,2960.0,5164.0,3873.43
2012.0.0.4310.0.221,4310,221,Mercat Municipal,Subministres,,,5000.0,4198.3,9198.3,7744.77
2012.0.0.4311.0.226,4311,226,Fira Sant Sebastià,Despeses diverses,,,32575.0,40014.4,72589.4,56554.1
2012.0.0.4330.0.489,4330,489,Promoció empresarial,Aportacions i subvencions,,,10000.0,,10000.0,
2012.0.0.4540.1202.601,4540,601,Camins rurals,Inversió nova en infraest,1202,reparació camins rurals,18202.11,25000.0,43202.11,16704.86
2012.0.0.4910.0.489,4910,489,Mitjans de comunicació,Aportacions i subvencions,,,10000.0,-9000.0,1000.0,
2012.0.0.4911.0.110,4911,110,Gabinet de comunicacio,Retrib. personal eventual,,,35499.94,,35499.94,32964.23
2012.0.0.4911.0.160,4911,160,Gabinet de comunicacio,Quotes socials,,,2239.11,9387.21,11626.32,10934.26
2012.0.0.4911.0.227,4911,227,Gabinet de comunicacio,Treb.real.altres empreses,,,1000.0,9000.0,10000.0,10000.0
2012.0.0.4920.0.206,4920,206,Administració electrònica,Arrendament equip informa,,,17965.5,,17965.5,15422.6
2012.0.0.4920.0.216,4920,216,Administració electrònica,Rep.mment i cons.E.inform,,,4948.8,4880.1,9828.9,11313.61
2012.0.0.4920.0.227,4920,227,Administració electrònica,Treb.real.altres empreses,,,25000.0,907.2,25907.2,24334.08
2012.0.0.4930.0.120,4930,120,O.M.I.C.,Retribucions bàsiques,,,13135.46,,13135.46,12308.59
2012.0.0.4930.0.121,4930,121,O.M.I.C.,Retribucions complementar,,,13457.08,,13457.08,12495.86
2012.0.0.4930.0.160,4930,160,O.M.I.C.,Quotes socials,,,8243.69,,8243.69,7011.72
2012.0.0.4930.0.226,4930,226,O.M.I.C.,Despeses diverses,,,800.0,,800.0,610.06
2012.0.0.9120.0.100,9120,100,Órganos de gobierno,Retribucions dedic. exclu,,,104154.84,-6146.75,98008.09,90789.97
2012.0.0.9120.0.160,9120,160,Órganos de gobierno,Quotes socials,,,34371.1,-3077.03,31294.07,31294.07
2012.0.0.9120.0.226,9120,226,Órganos de gobierno,Despeses diverses,,,3000.0,-2027.88,972.12,972.12
2012.0.0.9120.0.233,9120,233,Órganos de gobierno,Assitències,,,108361.0,-17963.5,90397.5,90397.5
2012.0.0.9121.0.489,9121,489,Grups Politics,Aportacions i subvencions,,,22000.0,,22000.0,21150.0
2012.0.0.9200.0.222,9200,222,Serveis Generals,Servei de comunicacions,,,5000.0,19000.0,24000.0,22516.39
2012.0.0.9200.0.226,9200,226,Serveis Generals,Despeses diverses,,,500.0,9152.74,9652.74,13141.88
2012.0.0.9200.0.230,9200,230,Serveis Generals,Dietes,,,1500.0,,1500.0,
2012.0.0.9200.0.231,9200,231,Serveis Generals,Despeses locomoció,,,2000.0,200.0,2200.0,339.32
2012.0.0.9201.0.120,9201,120,Secretaria,Retribucions bàsiques,,,166520.46,-16759.63,149760.83,141438.99
2012.0.0.9201.0.121,9201,121,Secretaria,Retribucions complementar,,,220461.36,-21167.95,199293.41,185547.69
2012.0.0.9201.0.160,9201,160,Secretaria,Quotes socials,,,119964.36,-28612.71,91351.65,91351.65
2012.0.0.9202.0.203,9202,203,Oficines Municipals,Arrendament maquinaria,,,12360.0,2186.5,14546.5,4586.9
2012.0.0.9202.0.212,9202,212,Oficines Municipals,Rep.mment.i cons.edificis,,,,,,519.71
2012.0.0.9202.0.213,9202,213,Oficines Municipals,Rep.mment i cons.Maquinar,,,23000.0,,23000.0,20116.57
2012.0.0.9202.0.220,9202,220,Oficines Municipals,Material oficina,,,50000.0,23878.33,73878.33,46550.33
2012.0.0.9202.0.221,9202,221,Oficines Municipals,Subministres,,,80000.0,31435.84,111435.84,91476.93
2012.0.0.9202.0.222,9202,222,Oficines Municipals,Servei de comunicacions,,,15000.0,324.33,15324.33,50324.17
2012.0.0.9202.0.223,9202,223,Oficines Municipals,Servei transport/missatge,,,1000.0,,1000.0,110.13
2012.0.0.9203.0.202,9203,202,Edificis Municipals,Arrendament edifici,,,20800.0,3003.9,23803.9,17725.48
2012.0.0.9203.0.212,9203,212,Edificis Municipals,Rep.mment.i cons.edificis,,,8000.0,1055.87,9055.87,6907.89
2012.0.0.9203.0.227,9203,227,Edificis Municipals,Treb.real.altres empreses,,,345609.35,,345609.35,353834.86
2012.0.0.9203.1206.632,9203,632,Edificis Municipals,Inv. repos.Edificis i con,1206,Eficiència energètica,,57404.38,57404.38,
2012.0.0.9204.0.120,9204,120,Departament informàtica,Retribucions bàsiques,,,28677.0,-504.05,28172.95,26484.97
2012.0.0.9204.0.121,9204,121,Departament informàtica,Retribucions complementar,,,38438.12,-183.02,38255.1,35509.52
2012.0.0.9204.0.160,9204,160,Departament informàtica,Quotes socials,,,20805.69,-1233.32,19572.37,19572.37
2012.0.0.9205.0.227,9205,227,Asses. i defensa lletrada,Treb.real.altres empreses,,,15000.0,5803.03,20803.03,20674.93
2012.0.0.9206.0.224,9206,224,Bens Municipals,Contracte de segur,,,55000.0,-13372.72,41627.28,35445.45
2012.0.0.9207.0.226,9207,226,Jutjat,Despeses diverses,,,10000.0,,10000.0,1937.81
2012.0.0.9209.0.120,9209,120,Departament de Personal,Retribucions bàsiques,,,90675.6,1207.2,91882.8,66713.1
2012.0.0.9209.0.121,9209,121,Departament de Personal,Retribucions complementar,,,115564.26,-47732.51,67831.75,79189.51
2012.0.0.9209.0.160,9209,160,Departament de Personal,Quotes socials,,,63934.35,-19394.77,44539.58,44539.58
2012.0.0.9240.0.226,9240,226,Participació ciutadana,Despeses diverses,,,1500.0,-1500.0,,
2012.0.0.9250.0.120,9250,120,Atenció ciutada i U.Admin,Retribucions bàsiques,,,182908.14,-4954.22,177953.92,165845.19
2012.0.0.9250.0.121,9250,121,Atenció ciutada i U.Admin,Retribucions complementar,,,230512.96,,230512.96,214893.94
2012.0.0.9250.0.160,9250,160,Atenció ciutada i U.Admin,Quotes socials,,,128160.54,-8096.83,120063.71,120063.71
2012.0.0.9291.0.270,9291,270,Indemnitzacions,Despeses imprevistes,,,42000.0,6631.39,48631.39,27082.33
2012.0.0.9292.0.120,9292,120,Taller,Retribucions bàsiques,,,20884.02,,20884.02,19383.78
2012.0.0.9292.0.121,9292,121,Taller,Retribucions complementar,,,26122.18,,26122.18,24131.93
2012.0.0.9292.0.160,9292,160,Taller,Quotes socials,,,14571.92,861.64,15433.56,15658.42
2012.0.0.9292.0.226,9292,226,Taller,Despeses diverses,,,2550.0,-1943.31,606.69,606.69
2012.0.0.9310.0.120,9310,120,Àrea Econòmica,Retribucions bàsiques,,,100123.26,-12588.6,87534.66,85593.95
2012.0.0.9310.0.121,9310,121,Àrea Econòmica,Retribucions complementar,,,157638.04,-37723.35,119914.69,114488.14
2012.0.0.9310.0.160,9310,160,Àrea Econòmica,Quotes socials,,,79906.0,-11696.62,68209.38,60952.58
2012.0.0.9320.0.227,9320,227,Recaptació Tributs,Treb.real.altres empreses,,,31000.0,97720.96,128720.96,51693.89
2012.0.0.9321.0.227,9321,227,Inspecció Tributària,Treb.real.altres empreses,,,25000.0,-25000.0,,
2012.0.0.9340.0.359,9340,359,Entitas finançeres,Otros gastos financieros,,,500.0,6362.54,6862.54,6862.54
2012.0.0.9420.0.466,9420,466,Transferencias a Entidades Locales territoriales,A altres Ent. agrup.munic,,,5100.0,1110.29,6210.29,6210.29
2012.0.0.9430.0.463,9430,463,Transf. altres Ent. Local,A Mancomunitats,,,27000.0,,27000.0,27780.84
2012.0.0.9430.0.464,9430,464,Transf. altres Ent. Local,A Àrees Metropolitanes.,,,58228.17,-33990.68,24237.49,23416.94
2012.1.0.1320.1001.632,1320,632,Seguretat i orgre públic,Inv. repos.Edificis i con,1001,REHAB. CASSETES AGROCROS,,4008.4,4008.4,
2012.1.0.1550.0006.612,1550,612,Vies Públiques,Inv. rep infrastructures,0006,Urb. Av. Xuquer [pluvials,,24582.75,24582.75,
2012.1.0.1550.005.602,1550,602,Vies Públiques,Inversio nova en infraest,005,Urbanit. Espioca [pluvial,,25519.68,25519.68,
2012.1.0.1550.0238.603,1550,603,Vies Públiques,Inversio nova en infraest,0238,Molí Magallo,,93156.88,93156.88,
2012.1.0.1550.0415.608,1550,608,Vies Públiques,Altres inversions noves,0415,Urbanitzacio Pla Bega,,133148.91,133148.91,
2012.1.0.1550.0630.606,1550,606,Vies Públiques,Inversió nova en Infraest,0630,U.E. Maset,,2782.36,2782.36,
2012.1.0.1550.0.770,1550,770,Vies Públiques,A Empresses Pivades,,,,11680.91,11680.91,
2012.1.0.1550.0917.623,1550,623,Vies Públiques,Inv. nova maquinar. intst,0917,ADQUISICIO MATERIAL OBRES,,288.92,288.92,
2012.1.0.1550.1005.611,1550,611,Vies Públiques,Inversio reposicio infrae,1005,MOBILIARI URBA I SENYALS,,7566.52,7566.52,
2012.1.0.1640.0708.611,1640,611,Cementeri Municipal,Inversio reposicio infrae,0708,Inversions Cementeri,,7835.91,7835.91,
2012.1.0.1650.1011.611,1650,611,Enllumenat Públic,Inversio reposicio infrae,1011,REPOS. ENLLUM [PAP 09-11],,20000.0,20000.0,19999.96
2012.1.0.1650.1102.601,1650,601,Enllumenat Públic,Inversió nova en infraest,1102,Adquis.valor Port Silla,,9793.46,9793.46,9793.46
2012.1.0.2210.0.162,2210,162,Personal actiu,Despeses socials,,,,2500.0,2500.0,2403.88
2012.1.0.2411.0.120,2411,120,Promoció de l'ocupació,Retribucions bàsiques,,,,7734.86,7734.86,6693.2
2012.1.0.2411.0.131,2411,131,Promoció de l'ocupació,Personal Laboral eventual,,,,39822.57,39822.57,39687.03
2012.1.0.2411.0.226,2411,226,Promoció de l'ocupació,Despeses diverses,,,,14194.67,14194.67,7346.54
2012.1.0.2411.0623.632,2411,632,Promoció de l'ocupació,Inv. repos.Edificis i con,0623,Escola Taller-centre form,,470.0,470.0,
2012.1.0.3243.0.780,3243,780,OOAA Conservatori Música,A instit. sense fi lucre,,,,6.01,6.01,
2012.1.0.3340.0.780,3340,780,Ponència de Cultura,A instit. sense fi lucre,,,,50.0,50.0,
2012.1.0.3341.0626.632,3341,632,Casa de la Cultura,Inv. repos.Edificis i con,0626,Condic. centre cultural,,1944.45,1944.45,154.36
2012.1.0.3344.0.226,3344,226,Projectes cultur. Europeu,Despeses diverses,,,,38956.11,38956.11,33098.89
2012.1.0.3360.1103.627,3360,627,Arqueología y protección del Patrimonio Histórico-Artístico,Inv. nova Projec. compex,1103,Rest.torre muralles pedra,,107498.0,107498.0,
2012.1.0.3421.0611.622,3421,622,Poliesportiu Municipal,In. nova Edificis i const,0611,Dot. esport. municipals,,41350.5,41350.5,
2012.1.0.3422.0501.600,3422,600,Piscines municipals,Inversions en terrenys,0501,Honoraris i urb.Piscina,,169172.76,169172.76,
2012.1.0.4121.1020.601,4121,601,Millora Medi Natural,Inversió nova en infraest,1020,CASA FIGUERO,,100353.42,100353.42,
2012.1.0.4190.0.131,4190,131,Vedat de caça,Personal Laboral eventual,,,,54640.77,54640.77,38009.42
2012.1.0.4190.0.226,4190,226,Vedat de caça,Despeses diverses,,,,74257.62,74257.62,59251.7
2012.1.0.4190.0.600,4190,600,Vedat de caça,Inversions en terrenys,,,,1482.37,1482.37,
2012.1.0.4500.1021.627,4500,627,Porjectes i direccio obr.,Inv. nova Projec. compex,1021,PROJ. DIREC. OBRES I LLIC,,7219.72,7219.72,
2012.1.0.4520.0508.602,4520,602,Recursos Hidràulics,Inversio nova en infraest,0508,Invers.xarxa aigües pluv.,,160712.05,160712.05,30299.51
2012.1.0.4540.1022.601,4540,601,Camins rurals,Inversió nova en infraest,1022,CAMINS RURALS,,75273.86,75273.86,39118.3
2012.1.0.9203.1101.623,9203,623,Edificis Municipals,Inv. nova maquinar. intst,1101,CLIMAT CASA CULTURAPPOS11,,260160.02,260160.02,118406.1
#,,,,,,,11533170.59,2333271.92,13866442.51,11607926.49
